순번,한자,급수,부수,음,훈,音,訓
1,亜,2.5,二,아,"버금, 아시아",ア,つ(ぐ)
2,哀,3,口,애,"슬프다, 동정하다",アイ,あわ(れ)・あわ(れむ)・かな(しい)・かな(しむ)
3,挨,2,手,애,인사하다,アイ,お(す)・ひら(く)
4,愛,7,心,애,사랑,アイ,め(でる)・お(しむ)・まな・かな(しい)・いと(しい)・う(い)
5,曖,2,日,애,애매하다,アイ,かげ(る)・くら(い)・おお(う)
6,悪,8,心,"악, 오","나쁘다, 미워하다",アク・オ,わる(い)・あ(し)・にく(む)・いずく(んぞ)
7,握,4,手,악,"쥐다, 잡다",アク,にぎ(る)
8,圧,6,土,압,누르다,アツ・オウ,お(さえる)・お(す)・へ(す)
9,扱,4,手,급,"다루다, 취급하다",キュウ・ソウ,あつか(う)・こ(く)・しご(く)
10,宛,2,宀,완,앞으로 보내다,エン,あ(てる)・あて・ずつ・あたか(も)・さなが(ら)
11,嵐,2,山,람,바람,ラン,あらし
12,安,8,宀,안,"편하다, 싸다",アン,やす(い)・やす(んじる)・いずく(んぞ)
13,案,7,木,안,안건,アン,かんが(える)・つくえ
14,暗,8,日,암,어둡다,アン,くら(い)・やみ・そら(んじる)
15,以,7,人,이,"이상, 이하, 이내, 이외 등",イ,もっ(て)・もち(いる)
16,衣,7,衣,의,"옷, 입다, 도착하다",イ・エ,ころも・きぬ・き(る)
17,位,7,人,위,"지위, 정도",イ,くらい
18,囲,6,囗,위,둘러싸다,イ,かこ(む)・かこ(う)
19,医,8,匸,의,의학,イ,い(やす)・くすし
20,依,4,人,의,의지하다,イ・エ,よ(る)
21,委,8,女,위,맡기다,イ,ゆだ(ねる)・まか(せる)・くわ(しい)・お(く)・す(てる)
22,威,4,女,위,"위엄, 협박하다",イ,おど(す)
23,為,4,火,위,"하다, 위하다, 행하다",イ,な(す)・す(る)・ため・つく(る)・な(る)
24,畏,2,田,외,두려워하다,イ,おそ(れる)・かしこ(い)・かしこ(まる)
25,胃,5,肉,위,위,イ,無し
26,尉,2.5,寸,위,벼슬,イ,じょう
27,異,5,田,이,다르다,イ,こと・あや(しい)
28,移,6,禾,이,"이동하다, 옮기다",イ,うつ(る)・うつ(す)
29,萎,2,艸,위,시들다,イ,な(える)・しお(れる)・しな(びる)・しぼ(む)・つか(れる)
30,偉,4,人,위,"훌륭하다, 위대하다",イ,えら(い)・すぐ(れる)
31,椅,2,木,의,의자,イ,無し
32,彙,2,彐,휘,무리,イ,あつ(める)・たぐい・はりねずみ
33,意,8,心,의,뜻,イ,こころ・おも(う)
34,違,4,辵,위,"다르다, 위반하다",イ,ちが(う)・ちが(える)・たが(う)・たが(える)・さ(る)・よこしま・か(い)
35,維,4,糸,유,벼리,イ,つな(ぐ)・これ
36,慰,3,心,위,"위로하다, 위안이 되다",イ,なぐさ(める)・なぐさ(む)
37,遺,5,辵,유,남기다,イ・ユイ,のこ(す)・のこ(る)・わす(れる)・す(てる)
38,緯,4,糸,위,"위도, 경위",イ,よこいと・ぬき
39,域,5,土,역,구역,イキ,さかい・ところ
40,育,8,肉,육,"자라다, 기르다",イク,そだ(つ)・そだ(てる)・はぐく(む)
41,一,10,一,일,"1, 하나",イチ・イツ,ひと・ひと(つ)・はじ(め)
42,壱,4,士,일,1,イチ・イツ,ひと(つ)
43,逸,2.5,辵,일,"편안하다, 빗나가다, 놓치다",イツ・イチ,はし(る)・うしな(う)・そ(れる)・そ(らす)・はぐ(れる)・すぐ(れる)・はや(る)
44,茨,7,艸,자,가시나무,シ,いばら・くさぶき
45,芋,4,艸,우,토란,ウ,いも
46,引,9,弓,인,"끌다, 내키지 않다",イン,ひ(く)・ひ(ける)
47,印,7,卩,인,"도장, 표시",イン,しるし・しる(す)
48,因,6,囗,인,원인,イン,よ(る)・ちな(む)・ちなみ・よすが
49,咽,2,口,인,"목구멍, 목메다",イン・エツ・エン,のど・むせ(ぶ)・の(む)
50,姻,2.5,女,인,혼인,イン,とつ(ぐ)
51,員,8,口,원,인원,イン,かず
52,院,8,阜,원,집,イン,かき・かこい
53,淫,2,水,음,음란하다,イン,みだ(ら)・あふ(れる)・ふけ(る)・ほしいまま・みだ(す)・みだら・おお(きい)・ながあめ
54,陰,4,阜,음,그늘,イン・オン・アン,かげ・かげ(る)・くら(い)・ひそ(か)
55,飲,8,食,음,마시다,イン・オン,の(む)
56,隠,4,阜,은,"숨다, 숨기다",イン・オン,かく(す)・かく(れる)
57,韻,2.5,音,운,운율,イン,ひびき・おもむき
58,右,10,口,우,오른쪽,ウ・ユウ,みぎ・たす(ける)
59,宇,5,宀,우,집,ウ,のき・いえ
60,羽,9,羽,우,날개,ウ,は・はね
61,雨,10,雨,우,비,ウ,あめ・あま
62,唄,2,口,패,노래,バイ,うた
63,鬱,2,鬯,울,우울하다,ウツ,しげ(る)・ふさ(ぐ)・さか(ん)
64,畝,2.5,田,묘,밭두둑,ホ・ボウ,うね・せ
65,浦,2.5,水,포,"물가, 포구",ホ,うら
66,運,8,辵,운,옮기다,ウン,はこ(ぶ)・めぐ(る)・さだめ
67,雲,9,雨,운,구름,ウン,くも
68,永,6,水,영,영원하다,エイ・ヨウ,なが(い)・とこしえ
69,泳,8,水,영,헤엄치다,エイ,およ(ぐ)
70,英,7,艸,영,"꽃부리, 영국",エイ,はなぶさ・はな・ひい(でる)
71,映,5,日,영,"비치다, 빛나다",エイ,うつ(る)・うつ(す)・は(える)・は(やす)
72,栄,7,木,영,"번영, 돋보이다",エイ,さか(える)・は(え)・は(える)・は(やす)
73,営,6,ツ,영,경영하다,エイ,いとな(む)
74,詠,3,言,영,읊다,エイ,よ(む)・うた(う)・なが(める)
75,影,4,彡,영,그림자,エイ・ヨウ,かげ
76,鋭,4,金,예,"날카롭다, 예리하다",エイ,するど(い)・はや(い)
77,衛,6,行,위,지키다,エイ・エ,まも(る)
78,易,6,日,"역, 이","쉽다, 바꿈",エキ・イ,やさ(しい)・か(える)・か(わる)・やす(い)・あなど(る)
79,疫,2.5,疒,역,전염병,エキ・ヤク,無し
80,益,6,皿,익,이익,エキ・ヤク,ま(す)・ますます
81,液,6,水,액,액체,エキ,しる・わき
82,駅,8,馬,역,정거장,エキ,うまや
83,悦,3,心,열,기쁘다,エツ,よろこ(ぶ)
84,越,4,走,월,넘다,エツ・オチ・オツ,こ(す)・こ(える)・こし
85,謁,2.5,言,알,뵈다,エツ,まみ(える)
86,閲,3,門,열,보다,エツ,けみ(する)・へ(る)
87,円,10,冂,원,"둥글다, 화폐 단위",エン,まる(い)・まど(か)・つぶら(か)・まろ(やか)
88,延,5,廴,연,"길어지다, 늦추다, 늘이다",エン,の(びる)・の(べる)・の(ばす)・ひ(く)・は(え)
89,沿,5,水,연,물을 따르다,エン,そ(う)・ふち
90,炎,3,火,염,화염,エン,ほのお・も(える)
91,怨,2,心,원,원망하다,エン・オン,うら(む)・うら(み)
92,宴,3,宀,연,잔치,エン,うたげ・たの(しむ)
93,媛,7,女,원,여자,エン,ひめ
94,援,4,手,원,돕다,エン,たす(ける)・ひ(く)
95,園,9,囗,원,동산,エン・オン,その・にわ
96,煙,4,火,연,연기,エン,けむ(る)・けむり・けむ(い)・けぶ(る)・けむ
97,猿,2.5,犬,원,원숭이,エン,さる・ましら
98,遠,9,辵,원,멀다,エン・オン,とお(い)・おち
99,鉛,4,金,연,납,エン,なまり・おしろい
100,塩,7,土,염,소금,エン・アン,しお
101,演,6,水,연,공연,エン,の(べる)・おこな(う)
102,縁,4,糸,연,"테두리, 인연",エン,ふち・へり・よ(る)・えにし・ゆかり・よすが
103,艶,2,色,염,"광택, 애교, 곱다",エン,つや・なまめ(かしい)・あで(やか)・うらや(む)
104,汚,4,水,오,더럽다,オ,けが(す)・けが(れる)・けが(らわしい)・よご(す)・よご(れる)・きたな(い)
105,王,10,玉,왕,임금,オウ,きみ
106,凹,2.5,凵,요,오목하다,オウ,くぼ(む)・へこ(む)・へこ(ます)
107,央,8,大,앙,가운데,オウ,なか(ば)
108,応,6,心,응,응하다,オウ,こた(える)・まさ(に…べし)
109,往,6,彳,왕,가다,オウ,ゆ(く)・いにしえ
110,押,4,手,압,누르다,オウ,お(す)・お(さえる)
111,旺,2,日,왕,왕성,オウ,さか(ん)
112,欧,3,欠,구,유럽,オウ,は(く)
113,殴,3,殳,구,때리다,オウ,なぐ(る)・う(つ)・たた(く)
114,桜,6,木,앵,"벚꽃, 앵두",オウ,さくら
115,翁,2.5,羽,옹,늙은이,オウ,おきな
116,奥,4,大,오,"속, 부인",オウ,おく・くま
117,横,8,木,횡,가로,オウ・コウ,よこ・よこ(たわる)
118,岡,7,山,강,산등성이,コウ,おか
119,屋,8,尸,옥,집,オク,や・いえ・やね
120,億,7,人,억,100000000,オク,おしはか(る)
121,憶,4,心,억,생각하다,オク,おぼ(える)・おも(う)
122,臆,2,肉,억,"가슴, 억지",オク,おしはか(る)
123,虞,2.5,虍,우,염려,グ,おそれ
124,乙,3,乙,을,두 번째,オツ・イツ,きのと・おと
125,俺,2,人,엄,나,エン,おれ・われ
126,卸,3,卩,사,도매하다,シャ,おろ(す)・おろし
127,音,10,音,음,소리,オン・イン,おと・ね・たよ(り)
128,恩,5,心,은,은혜,オン,めぐ(み)
129,温,8,水,온,따뜻하다,オン・ウン,あたた(か)・あたた(かい)・あたた(まる)・あたた(める)・ぬく(い)・ぬる(い)・ぬく(める)・ぬく(まる)・たず(ねる)・つつ(む)
130,穏,3,禾,온,평온함,オン,おだ(やか)・やす(らか)
131,下,10,一,하,"아래, 내리다, 내려오다",カ・ゲ,した・しも・もと・さ(げる)・さ(がる)・くだ(る)・くだ(す)・くだ(さる)・お(ろす)・お(りる)
132,化,8,匕,화,"되다, 둔갑하다, 홀리다, 괴물",カ・ケ,ば(ける)・ば(かす)・か(わる)・か(える)
133,火,10,火,화,불,カ・コ,ひ・ほ
134,加,7,力,가,더하다,カ,くわ(える)・くわ(わる)
135,可,6,口,가,옳다,カ・コク,よ(い)・べ(し)
136,仮,6,人,가,"거짓, 만약",カ・ケ,かり・か(す)
137,何,9,人,하,무엇,カ,なに・なん・いず(れ)・いず(く)
138,花,10,艸,화,꽃,カ・ケ,はな
139,佳,3,人,가,아름답다,カ,よ(い)
140,価,6,人,가,값,カ,あたい
141,果,7,木,과,"열매, 끝, 완수하다, 끝나다",カ,は(たす)・は(てる)・は(て)・くだもの・おお(せる)・はか
142,河,6,水,하,물,カ,かわ
143,苛,2,艸,가,"가혹, 초조해지다",カ,から(い)・きび(しい)・むご(い)・わずら(わしい)・いら(だつ)・さいな(む)・いじ(める)
144,科,9,禾,과,과목,カ,とが・しな・しぐさ
145,架,3,木,가,"걸이, 걸치다",カ,か(ける)・か(かる)・たな
146,夏,9,夂,하,여름,カ・ゲ,なつ
147,家,9,宀,가,집,カ・ケ,いえ・や・うち
148,荷,8,艸,하,짐,カ,に・にな(う)・はす
149,華,3,艸,화,"꽃, 화려하다",カ・ケ・ゲ,はな・しろ(い)
150,菓,4,艸,과,과자,カ,くだもの
151,貨,7,貝,화,재물,カ,たから
152,渦,2.5,水,와,소용돌이,カ,うず
153,過,6,辵,과,"지나다, 보내다, 잘못하다",カ,す(ぎる)・す(ごす)・あやま(つ)・あやま(ち)・よぎ(る)・とが
154,嫁,3,女,가,"며느리, 시집가다",カ,よめ・とつ(ぐ)
155,暇,4,日,가,"틈, 시간",カ,ひま・いとま
156,禍,2.5,示,화,재앙,カ,わざわ(い)・まが
157,靴,2.5,革,화,신발,カ,くつ
158,寡,2.5,宀,과,적다,カ,すく(ない)・やもめ
159,歌,9,欠,가,노래,カ,うた・うた(う)
160,箇,4,竹,개,낱,カ・コ,無し
161,稼,2.5,禾,가,돈을 벌다,カ,かせ(ぐ)・みの(り)・う(える)
162,課,7,言,과,공부,カ,わりあ(てる)・はか(る)・こころ(みる)
163,蚊,2.5,虫,문,모기,ブン,か
164,牙,2,牙,아,어금니,ガ・ゲ,きば・は・さいとり
165,瓦,2,瓦,와,"기와, 그램",ガ,かわら・かわらけ・グラム
166,我,5,戈,아,나,ガ,われ・わ
167,画,9,田,"화, 획",그림,ガ・カク,え・えが(く)・か(く)・かぎ(る)・はか(る)
168,芽,7,艸,아,싹,ガ,め・めぐ(む)
169,賀,7,貝,하,축하,ガ,よろこ(ぶ)
170,雅,4,隹,아,맑다,ガ,みやび・みやび(やか)・つね
171,餓,3,食,아,굶주리다,ガ,う(える)
172,介,4,人,개,끼다,カイ,たす(ける)・すけ
173,回,9,囗,회,돌다,カイ・エ,まわ(る)・まわ(す)・めぐ(らす)
174,灰,5,火,회,재,カイ,はい
175,会,9,人,회,만나다,カイ・エ,あ(う)・あつ(まる)・あつ(める)
176,快,6,心,쾌,유쾌하다,カイ・ケ,こころよ(い)
177,戒,4,戈,계,훈계하다,カイ,いまし(める)
178,改,7,攵,개,고치다,カイ,あらた(める)・あらた(まる)
179,怪,3,心,괴,"수상하다, 의심하다",カイ・ケ,あや(しい)・あや(しむ)
180,拐,2.5,手,괴,유괴,カイ,かた(る)・かどわか(す)
181,悔,3,心,회,"후회하다, 뉘우치다, 분하다",カイ・ケ,く(いる)・く(やむ)・くや(しい)
182,海,9,水,해,바다,カイ,うみ
183,界,8,田,계,지경,カイ,さかい
184,皆,4,白,개,모두,カイ,みな
185,械,7,木,계,기계,カイ,からくり・かせ
186,絵,9,糸,회,그림,カイ・エ,無し
187,開,8,門,개,열다,カイ,ひら(く)・ひら(ける)・あ(く)・あ(ける)・はだ(かる)・はだ(ける)
188,階,8,阜,계,등급,カイ,きざはし・はしご・しな
189,塊,3,土,괴,덩어리,カイ,かたまり・つちくれ
190,楷,2,木,해,본보기,カイ,のり・のっと(る)
191,解,6,角,해,풀다,カイ・ゲ,と(く)・と(かす)・と(ける)・ほど(く)・ほど(ける)・ほぐ(れる)・ほつ(れる)・さと(る)・わか(る)
192,潰,2,水,궤,"부수다, 무너지다",カイ,つぶ(す)・つぶ(れる)・つい(える)・みだ(れる)
193,壊,4,土,괴,"무너지다, 부수다",カイ・エ,こわ(す)・こわ(れる)・やぶ(る)・やぶ(れる)
194,懐,2.5,心,회,"마음속, 그립다, 따르다",カイ,ふところ・なつ(かしい)・なつ(かしむ)・なつ(く)・なつ(ける)・おも(う)・いだ(く)
195,諧,2,言,해,어울리다,カイ,やわ(らぐ)・かな(う)・ととの(う)・たわむ(れ)
196,貝,10,貝,패,조개,バイ,かい
197,外,9,夕,외,"바깥, 다른 것, 빼다",ガイ・ゲ・ウイ,そと・ほか・はず(す)・はず(れる)・と
198,劾,2.5,力,핵,꾸짖다,ガイ,しら(べる)・あば(く)
199,害,7,宀,해,해하다,ガイ・カイ,そこ(なう)・わざわ(い)
200,崖,2,山,애,벼랑,ガイ,がけ
201,涯,2.5,水,애,생애,ガイ,みぎわ・はて
202,街,7,行,가,거리,ガイ・カイ,まち・ちまた
203,慨,3,心,개,슬퍼하다,ガイ・カイ,なげ(く)・いきどお(る)
204,蓋,2,艸,개,뚜껑,ガイ・コウ,ふた・おお(う)・おお(い)・かさ・けだ(し)
205,該,3,言,해,갖추다,ガイ・カイ,か(ねる)・そな(わる)・そ(の)
206,概,3,木,개,대개,ガイ・カイ,おおむ(ね)
207,骸,2,骨,해,시체,ガイ・カイ,むくろ・ほね
208,垣,2.5,土,원,담,エン,かき
209,柿,2,木,시,감,シ,かき
210,各,7,口,각,각각,カク,おのおの
211,角,9,角,각,"모서리, 뿔",カク,かど・つの・すみ・くら(べる)
212,拡,5,手,확,넑히다,カク,ひろ(がる)・ひろ(げる)
213,革,5,革,혁,"가죽, 혁명",カク,かわ・あらた(まる)・あらた(める)
214,格,6,木,격,격식,カク・コウ・キャク・ゴウ,いた(る)・ただ(す)・う(つ)
215,核,2.5,木,핵,"씨, 핵",カク,さね
216,殻,2.5,殳,각,껍질,カク,から
217,郭,3,邑,곽,둘레,カク,くるわ
218,覚,7,見,각,"외우다, 느끼다, 깨다",カク,おぼ(える)・さ(ます)・さ(める)・さと(る)・さと(り)
219,較,4,車,교,비교하다,カク・コウ,くら(べる)
220,隔,3,阜,격,"멀어지다, 사이에 두다",カク,へだ(てる)・へだ(たる)
221,閣,5,門,각,집,カク,たかどの・たな
222,確,6,石,확,"확실, 확인하다",カク,たし(か)・たし(かめる)・しか(と)・しっか(り)・かた(い)
223,獲,4,犬,획,획득하다,カク,え(る)
224,嚇,2.5,口,혁,성내다,カク,いか(る)・おど(す)・おど(かす)
225,穫,3,禾,확,거두다,カク,か(る)・とりい(れる)
226,学,10,子,학,배우다,ガク,まな(ぶ)
227,岳,3,山,악,산악,ガク,たけ
228,楽,9,木,"락, 악",즐겁다,ガク・ラク・ゴウ・ギョウ,たの(しい)・たの(しむ)・かな(でる)・この(む)
229,額,6,頁,액,이마,ガク,ひたい・ぬか(ずく)
230,顎,2,頁,악,턱,ガク,あご
231,掛,3,手,괘,걸다,無し,か(ける)・か(かる)・かかり
232,潟,7,水,석,갯벌,セキ,かた
233,括,2.5,手,괄,묶다,カツ,くく(る)・くび(る)・くび(れる)
234,活,9,水,활,살다,カツ,い(きる)・い(ける)・い(かす)
235,喝,2.5,口,갈,꾸짖다,カツ,しか(る)・おど(す)
236,渇,2.5,水,갈,목마르다,カツ,かわ(く)・むさぼ(る)
237,割,5,刀,할,"나누다, 가르다, 깨지다",カツ,わ(る)・わり・わ(れる)・さ(く)
238,葛,2,艸,갈,칡,カツ,くず・かたびら・かずら・つづら
239,滑,3,水,"활, 골",미끄럽다,カツ・コツ,すべ(る)・なめ(らか)・ぬめ(る)
240,褐,2.5,衣,갈,갈색,カツ,ぬのこ
241,轄,2.5,車,할,다스리다,カツ,くさび・とりし(まる)
242,且,2.5,一,차,게다가,ショ,か(つ)・しばら(く)・まさ(に…す)
243,株,5,木,주,주식,シュ,かぶ
244,釜,2,金,부,가마솥,フ,かま
245,鎌,2,金,겸,낫,レン,かま
246,刈,4,刀,예,베다,ガイ・カイ,か(る)
247,干,5,干,간,말리다,カン,ほ(す)・ひ(る)・おか(す)・かか(わる)・もと(める)・たて
248,刊,6,刀,간,새기다,カン,けず(る)・きざ(む)
249,甘,4,甘,감,"달다, 응석부리다",カン,あま(い)・あま(える)・あま(やかす)・うま(い)
250,汗,4,水,한,땀,カン,あせ
251,缶,2.5,缶,관,통,カン,かま
252,完,7,宀,완,완전,カン,まっと(うする)
253,肝,3,肉,간,간,カン,きも
254,官,7,宀,관,벼슬,カン,つかさ・おおやけ
255,冠,3,冖,관,"갓, 왕관",カン,かんむり・かむ(る)
256,巻,5,卩,권,"책, 말다",カン・ケン,ま(く)・まき
257,看,5,目,간,돌보다,カン,み(る)
258,陥,2.5,阜,함,빠지다,カン,おちい(る)・おとしい(れる)
259,乾,4,乙,건,마르다,カン・ケン,かわ(く)・かわ(かす)・ほ(す)・ひ・いぬい
260,勘,3,力,감,헤아리다,カン,かんが(える)
261,患,2.5,心,환,앓다,カン・ゲン,わずら(う)・うれ(える)・うれ(い)
262,貫,3,貝,관,꿰뚫다,カン・ワン,つらぬ(く)・ぬき・ぬ(く)・ひ(く)
263,寒,8,宀,한,춥다,カン,さむ(い)・さび(しい)・まず(しい)・いや(しい)
264,喚,3,口,환,부르다,カン,よ(ぶ)・さけ(ぶ)・わめ(く)
265,堪,2.5,土,감,"견디다, 참다",カン・タン,た(える)・こら(える)・こた(える)・たま(る)
266,換,3,手,환,바꾸다,カン,か(える)・か(わる)
267,敢,3,攵,감,"용감, 감히",カン,あ(えて)
268,棺,2.5,木,관,관,カン,ひつぎ
269,款,2.5,欠,관,항목,カン,まこと・よろこ(ぶ)・たた(く)・しる(す)
270,間,9,門,간,사이,カン・ケン,あいだ・ま・はざま・あい・うかが(う)・ひそ(かに)・しず(か)
271,閑,2.5,門,한,한가하다,カン,ひま・しず(か)・なら(う)
272,勧,4,力,권,권하다,カン・ケン,すす(める)
273,寛,2.5,宀,관,너그럽다,カン,ひろ(い)・ゆる(やか)・くつろ(ぐ)
274,幹,6,干,간,줄기,カン,みき・から・わざ
275,感,8,心,감,느낌,カン,無し
276,漢,8,水,한,한자,カン,おとこ・から
277,慣,6,心,관,익숙하다,カン,な(れる)・な(らす)・ならわし
278,管,7,竹,관,관리,カン,くだ・ふえ・つかさど(る)
279,関,7,門,관,관계,カン,せき・かか(わる)・からくり・かんぬき
280,歓,4,欠,환,기쁘다,カン,よろこ(ぶ)
281,監,4,皿,감,보다,カン・ケン,み(る)・かんがみ(る)・しら(べる)
282,緩,3,糸,완,"느슨하다, 완화하다, 늦추다",カン,ゆる(い)・ゆる(やか)・ゆる(む)・ゆる(める)・ぬる(い)
283,憾,2.5,心,감,섭섭하다,カン,うら(む)
284,還,2.5,辵,환,돌아오다,カン・ゲン,かえ(る)・かえ(す)・また
285,館,8,食,관,"집, 저택",カン,やかた・たて・たち
286,環,4,玉,환,고리,カン,たまき・わ・めぐ(る)
287,簡,5,竹,간,간단,カン・ケン,ふだ・えら(ぶ)
288,観,7,見,관,보다,カン,み(る)
289,韓,2,韋,한,한국,カン,から
290,艦,2.5,舟,함,배,カン,いくさぶね
291,鑑,4,金,감,살펴보다,カン,かんが(みる)・かがみ
292,丸,9,丶,환,"통째로, 둥글다",ガン,まる・まる(い)・まる(める)・たま
293,含,4,口,함,포함하다,ガン・カン・ゴン,ふく(む)・ふく(める)
294,岸,8,山,안,"물가, 벼랑",ガン,きし・かどだ(つ)
295,岩,9,山,암,바위,ガン,いわ
296,玩,2,玉,완,즐기다,ガン,もてあそ(ぶ)・あじ(わう)
297,眼,6,目,안,눈,ガン・ゲン,まなこ・め
298,頑,2.5,頁,완,완고하다,ガン,かたくな
299,顔,9,頁,안,얼굴,ガン,かお・かんばせ
300,願,7,頁,원,"부탁, 바라다",ガン,ねが(う)
301,企,3,人,기,"꾀하다, 꾸미다",キ,くわだ(てる)・たくら(む)
302,伎,2,人,기,기예,キ・ギ,わざ・たくみ
303,危,5,卩,위,"위험하다, 걱정하다, 의심하다",キ,あぶ(ない)・あや(うい)・あや(ぶむ)・あや(める)・たか(い)
304,机,5,木,궤,책상,キ,つくえ
305,気,10,气,기,"기운, 기체",キ・ケ,いき
306,岐,7,山,기,갈림길,キ・ギ,わか(れる)・ちまた
307,希,7,巾,희,바라다,キ・ケ,まれ・こいねが(う)
308,忌,3,心,기,"기피하다, 꺼림칙하다",キ,い(む)・い(まわしい)
309,汽,9,水,기,김,キ,ゆげ
310,奇,4,大,기,기이하다,キ,めずら(しい)・く(し)・あや(しい)
311,祈,4,示,기,빌다,キ,いの(る)
312,季,7,子,계,계절,キ,すえ
313,紀,6,糸,기,벼리,キ,のり・しる(す)・おさ(める)
314,軌,3,車,궤,바퀴자국,キ,わだち
315,既,3,无,기,"이미, 벌써",キ,すで(に)
316,記,9,言,기,기록하다,キ,しる(す)
317,起,8,走,기,"일어나다, 일으키다",キ,お(きる)・お(こる)・お(こす)・た(つ)
318,飢,2.5,食,기,굶주리다,キ,う(える)
319,鬼,4,鬼,귀,"귀신, 도깨비",キ,おに
320,帰,9,巾,귀,"돌아가다, 돌아오다, 돌려보내다",キ,かえ(る)・かえ(す)・とつ(ぐ)・おく(る)
321,基,6,土,기,기본,キ,もと・もとい
322,寄,6,宀,기,"접근하다, 밀려오다",キ,よ(る)・よ(せる)
323,規,6,見,규,법,キ,のり・ただ(す)
324,亀,2,亀,귀,거북이,キ・キュウ・キン,かめ・あかぎれ
325,喜,6,口,희,기뻐하다,キ,よろこ(ぶ)
326,幾,4,幺,기,얼마,キ,いく・ほとん(ど)・きざ(し)・こいねが(う)
327,揮,5,手,휘,휘두르다,キ,ふる(う)
328,期,8,月,기,기간,キ・ゴ,とき・ちぎ(る)・き(める)
329,棋,3,木,기,바둑,キ・ゴ,無し
330,貴,5,貝,귀,"귀중하다, 공경하다",キ,たっと(い)・とうと(い)・たっと(ぶ)・とうと(ぶ)・たか(い)
331,棄,3,木,기,버리다,キ,す(てる)
332,毀,2,殳,훼,"부수다, 망가지다",キ,こぼ(つ)・やぶ(る)・やぶ(れる)・そし(る)・や(せる)
333,旗,7,方,기,깃발,キ,はた
334,器,7,口,기,그릇,キ,うつわ
335,畿,2,田,기,수도 주변,キ,みやこ
336,輝,4,車,휘,빛나다,キ,かがや(く)・て(る)
337,機,7,木,기,틀,キ,はた・からくり・きざ(し)・はずみ・おり
338,騎,3,馬,기,말 타다,キ,の(る)
339,技,6,手,기,"재주, 기술",ギ,わざ
340,宜,2.5,宀,의,마땅,ギ,よろ(しい)・よ(い)・むべ・よろ(しく…べし)
341,偽,2.5,人,위,"가짜, 속이다",ギ,いつわ(る)・にせ
342,欺,3,欠,기,속이다,ギ・キ,あざむ(く)
343,義,6,羊,의,옳음,ギ,よ(い)
344,疑,5,疋,의,의심하다,ギ,うたが(う)・うたぐ(る)
345,儀,4,人,의,의례,ギ,のり・よ(い)
346,戯,4,戈,희,놀다,ギ・ゲ,たわむ(れる)・ざ(れる)・たわ(ける)
347,擬,2.5,手,의,"비기다, 비교하다",ギ,なぞら(える)・はか(る)・まがい・もどき
348,犠,3,牛,희,희생,ギ・キ,いけにえ
349,議,7,言,의,의논,ギ,はか(る)
350,菊,3,艸,국,국화,キク,無し
351,吉,3,口,길,길하다,チキ・キツ,よ(い)
352,喫,3,口,끽,먹다,キツ,の(む)・す(う)・く(う)
353,詰,4,言,힐,"꾸짖다, 담다, 막히다",キツ,つ(める)・つ(まる)・つ(む)・なじ(る)
354,却,4,卩,각,물리치다,キャク,しりぞ(く)・しりぞ(ける)・かえ(って)
355,客,8,宀,객,손님,キャク・カク,まろうど
356,脚,4,肉,각,다리,キャク・キャ・カク,あし
357,逆,6,辵,역,거스르다,ギャク・ゲキ,さか・さか(らう)・むか(える)・あらかじ(め)
358,虐,3,虍,학,학대하다,ギャク,しいた(げる)・むご(い)
359,九,10,乙,구,"9, 아홉",キュウ・ク,ここの・ここの(つ)・あまた
360,久,6,丿,구,오래다,キュウ・ク,ひさ(しい)
361,及,4,又,급,"미치다, 이르다",キュウ,およ(ぶ)・およ(び)・およ(ばす)
362,弓,9,弓,궁,활,キュウ,ゆみ
363,丘,4,一,구,언덕,キュウ,おか
364,旧,6,日,구,옛,キュウ,ふる(い)・もと・ふ(る)・ふる(びる)
365,休,10,人,휴,쉬다,キュウ,やす(む)・やす(まる)・やす(める)・いこ(う)・や(める)・さいわ(い)・よ(い)
366,吸,5,口,흡,마시다,キュウ,す(う)
367,朽,4,木,후,썩다,キュウ,く(ちる)・すた(れる)
368,臼,2,臼,구,절구,キュウ,うす
369,求,7,水,구,"구하다, 바라다",キュウ・グ,もと(める)
370,究,8,穴,구,"연구, 파헤치다",キュウ・ク,きわ(める)・きわ(まる)
371,泣,7,水,읍,울다,キュウ,な(く)
372,急,8,心,급,"급하다, 서두르다, 조급해지다, 재촉하다",キュウ,いそ(ぐ)・せ(く)
373,級,8,糸,급,등급,キュウ,しな・くび
374,糾,2.5,糸,규,얽히다,キュウ,あざな(う)・ただ(す)
375,宮,8,宀,궁,왕궁,キュウ・グウ・ク,みや・いえ
376,救,6,攵,구,구하다,キュウ・グ・ク,すく(う)・たす(ける)
377,球,8,玉,구,공,キュウ,たま
378,給,7,糸,급,주다,キュウ,たま(う)・たまわ(る)
379,嗅,2,口,후,냄새 맡다,キュウ,か(ぐ)
380,窮,2.5,穴,궁,"끝까지 가다, 다하다",キュウ,きわ(める)・きわ(まる)
381,牛,9,牛,우,소리,ギュウ・ゴ,うし
382,去,8,厶,거,떠나다,キョ・コ,さ(る)・ゆ(く)・のぞ(く)
383,巨,4,工,거,크다,キョ・コ,おお(きい)・おお(い)
384,居,6,尸,거,"거주, 있다",キョ・コ,い(る)・お(る)・お(く)
385,拒,2.5,手,거,거절하다,キョ,こば(む)・ふせ(ぐ)
386,拠,4,手,거,근거,キョ・コ,よ(る)・よりどころ
387,挙,7,手,거,"오르다, 들다",キョ,あ(げる)・あ(がる)・こぞ(る)・こぞ(って)
388,虚,3,虍,허,"공허하다, 헛되다",キョ・コ,むな(しい)・うつ(ろ)・うろ・うつ(ける)
389,許,6,言,허,"용서하다, 허락하다",キョ・コ,ゆる(す)・ばか(り)・もと
390,距,4,足,거,거리,キョ,へだ(てる)・けづめ・ふせ(ぐ)
391,魚,9,魚,어,물고기,ギョ,うお・さかな
392,御,4,彳,어,높임말,ギョ・ゴ,おん・お・み・おさ(める)
393,漁,7,水,어,"어업, 찾아다니다",ギョ・リョウ,すなど(る)・あさ(る)・いさ(り)
394,凶,4,凵,흉,흉하다,キョウ,わざわ(い)・わる(い)・おそ(れる)
395,共,7,八,공,함께,キョウ,とも
396,叫,4,口,규,외치다,キョウ,さけ(ぶ)
397,狂,4,犬,광,미치다,キョウ,くる(う)・くる(おしい)・ふ(れる)
398,京,9,亠,경,서울,キョウ・ケイ・キン,みやこ
399,享,2.5,亠,향,누리다,キョウ,う(ける)・あ(たる)
400,供,5,人,공,바치다,キョウ・ク,そな(える)・とも
401,協,7,十,협,협력,キョウ,かな(う)
402,況,4,水,황,상황,キョウ,ありさま・いわ(んや)
403,峡,3,山,협,골짜기,キョウ,はざま
404,挟,2.5,手,협,끼다,キョウ,はさ(む)・はさ(まる)・さしはさ(む)
405,狭,4,犬,협,좁다,キョウ・コウ,せま(い)・せば(める)・せば(まる)・さ
406,恐,4,心,공,무섭다,キョウ,おそ(れる)・おそ(ろしい)・こわ(い)
407,恭,2.5,心,공,공손하다,キョウ,うやうや(しい)・つつし(む)
408,胸,5,肉,흉,가슴,キョウ,むね・むな・こころ
409,脅,3,肉,협,"위협하다, 협박하다, 겁내다",キョウ,おびや(かす)・おど(す)・おど(かす)・おび(える)
410,強,9,弓,강,"강하다, 강요하다",キョウ・コウ,つよ(い)・つよ(まる)・つよ(める)・し(いる)・こわ(い)・したた(か)・つと(める)
411,教,9,攵,교,"가르치다, 배우다",キョウ,おし(える)・おそ(わる)
412,郷,5,邑,향,시골,キョウ・ゴウ,さと
413,境,6,土,경,경계,キョウ・ケイ,さかい
414,橋,8,木,교,다리,キョウ,はし
415,矯,2.5,矢,교,바로잡다,キョウ,た(める)・いつわ(る)
416,鏡,7,金,경,거울,キョウ,かがみ
417,競,7,立,경,"다투다, 겨루다",キョウ・ケイ,きそ(う)・せ(る)・きお(う)・くら(べる)
418,響,4,音,향,울리다,キョウ,ひび(く)
419,驚,4,馬,경,놀라다,キョウ,おどろ(く)・おどろ(かす)
420,仰,4,人,앙,우러르다,ギョウ・コウ,あお(ぐ)・おお(せ)・あおの(く)・の(く)
421,暁,2.5,日,효,새벽,ギョウ,あかつき・さと(る)
422,業,8,木,업,"행위, 업",ギョウ・ゴウ,わざ
423,凝,3,冫,응,"굳다, 엉기다",ギョウ,こ(る)・こ(らす)・しこ(り)・こご(る)
424,曲,8,曰,곡,"굽다, 기울다",キョク,ま(がる)・ま(げる)・くま・くせ・まが・かね
425,局,8,尸,국,판,キョク,つぼね
426,極,7,木,극,극도,キョク・ゴク,きわ(める)・きわ(まる)・きわ(み)・き(める)・き(まる)
427,玉,10,玉,옥,구슬,ギョク,たま
428,巾,2,巾,건,수건,キン,きれ・ふきん
429,斤,3,斤,근,근,キン,おの
430,均,6,土,균,고르다,キン,ひと(しい)・なら(す)・ととの(える)
431,近,9,辵,근,가깝다,キン・コン,ちか(い)
432,金,10,金,"금, 김","금, 돈",キン・コン,かね・かな・こがね
433,菌,2.5,艸,균,세균,キン,きのこ・たけ
434,勤,5,力,근,근무하다,キン・ゴン,つと(める)・つと(まる)・いそ(しむ)
435,琴,2.5,玉,금,거문고,キン・ゴン,こと
436,筋,5,竹,근,근육,キン,すじ
437,僅,2,人,근,"겨우, 근소함",キン,わず(か)
438,禁,6,示,금,금지,キン,とど(める)・い(む)・いさ(める)
439,緊,3,糸,긴,"긴장, 팽팽하다",キン,かた(い)・し(める)・ちぢ(む)・きび(しい)
440,錦,2,金,금,비단,キン,にしき
441,謹,2.5,言,근,삼가다,キン,つつし(む)
442,襟,2.5,衣,금,옷깃,キン,えり・むね
443,吟,2.5,口,음,읊다,ギン,うた(う)・うめ(く)
444,銀,8,金,은,은,ギン,しろがね
445,区,8,匸,구,구역,ク,無し
446,句,6,口,구,글귀,ク・コウ,あ(たる)・ま(がる)
447,苦,8,艸,고,"괴롭다, 쓰다",ク,くる(しい)・くる(しむ)・くる(しめる)・にが(い)・にが(る)・にがな・はなは(だ)
448,駆,4,馬,구,"달리다, 쫓다, 몰다",ク,か(ける)・か(る)・お(う)
449,具,8,八,구,갖춤,グ,そな(わる)・そな(える)・つぶさ(に)・つま
450,惧,2,心,구,두려워하다,グ・ク,おそ(れる)
451,愚,3,心,우,어리석다,グ,おろ(か)
452,空,10,穴,공,"하늘, 비다, 비우다",クウ,そら・あ(く)・あ(ける)・から・うつ(ろ)・す(く)・うつ(ける)・むな(しい)・あな・うろ
453,偶,3,人,우,"짝, 어쩌다",グウ,たまたま・たぐい・ひとがた
454,遇,3,辵,우,만나다,グウ・グ,あ(う)・もてな(す)・たまたま
455,隅,2.5,阜,우,"모퉁이, 구석",グウ,すみ
456,串,2,丨,관,꼬챙이,セン・カン,くし・つらぬ(く)・な(れる)
457,屈,4,尸,굴,굽다,クツ,かが(む)・くぐ(まる)・こご(まる)
458,掘,4,手,굴,파다,クツ,ほ(る)
459,窟,2,穴,굴,굴,クツ,いわや・ほらあな
460,熊,7,火,웅,곰,ユウ,くま
461,繰,4,糸,조,"헤아리다, 되풀이하다",ソウ,く(る)
462,君,8,口,군,"너, 임금",クン,きみ
463,訓,7,言,훈,가르치다,クン・キン,おし(える)・よ(む)
464,勲,2.5,力,훈,공훈,クン,いさお・いさおし
465,薫,2.5,艸,훈,향기가 나다,クン,かお(る)・かおりぐさ・た(く)
466,軍,7,車,군,군사,グン・クン,いくさ・つわもの
467,郡,7,邑,군,고을,グン・クン,こおり
468,群,7,羊,군,"무리, 모이다",グン,む(れる)・む(れ)・むら
469,兄,9,儿,형,"형, 오빠",ケイ・キョウ,あに・え
470,刑,3,刀,형,형벌,ケイ・ギョウ,しおき
471,形,9,彡,형,모양,ケイ・ギョウ,かた・かたち・なり
472,系,5,糸,계,이어매다,ケイ,つな(ぐ)・すじ
473,径,7,彳,경,거리,ケイ,みち・こみち・さしわたし・ただ(ちに)
474,茎,2.5,艸,경,줄기,ケイ,くき・なかご
475,係,8,人,계,"관계, 관계되다",ケイ,かか(る)・かかり・かか(わる)・つな(ぐ)
476,型,6,土,형,"형식, 모형",ケイ,かた
477,契,3,大,계,맺다,ケイ・キツ・ケツ,ちぎ(る)・きざ(む)・わりふ
478,計,9,言,계,"세다, 상의하다",ケイ,はか(る)・はか(らう)・かぞ(える)
479,恵,4,心,혜,"베풀다, 타고나다",ケイ・エ,めぐ(む)
480,啓,3,口,계,열다,ケイ,ひら(く)・もう(す)
481,掲,3,手,게,"걸다, 매달다",ケイ,かか(げる)
482,渓,2.5,水,계,계곡,ケイ,たに
483,経,6,糸,경,"지나다, 거치다",ケイ・キョウ・キン,へ(る)・たていと・た(つ)・おさ(める)
484,蛍,2.5,虫,형,반딧불이,ケイ,ほたる
485,敬,5,攵,경,존경하다,ケイ・キョウ,うやま(う)・つつし(む)
486,景,7,日,경,풍경,ケイ・エイ,無し
487,軽,8,車,경,가볍다,ケイ・キン,かる(い)・かろ(やか)
488,傾,4,人,경,기울다,ケイ,かたむ(く)・かたむ(ける)・かし(ぐ)・かた(げる)・くつがえ(る)
489,携,3,手,휴,"휴대하다, 관여하다",ケイ,たずさ(える)・たずさ(わる)・はな(れる)
490,継,4,糸,계,잇다,ケイ,つ(ぐ)・まま
491,詣,2,言,예,참배하다,ケイ,もう(でる)・いた(る)・まい(る)
492,慶,2.5,心,경,경축,ケイ・キョウ,よろこ(ぶ)・よ(い)
493,憬,2,心,경,"깨닫다, 동경하다",ケイ,あこが(れる)
494,稽,2,禾,계,머무르다,ケイ,かんが(える)・とど(める)・とどこお(る)
495,憩,3,心,게,쉬다,ケイ,いこ(い)・いこ(う)
496,警,5,言,경,경계하다,ケイ・キョウ,いまし(める)
497,鶏,3,鳥,계,닭,ケイ,にわとり・とり
498,芸,7,艸,예,"재주, 예술",ゲイ,わざ・う(える)
499,迎,4,辵,영,맞이하다,ゲイ・ギョウ・ゴウ,むか(える)
500,鯨,3,魚,경,고래,ゲイ・ケイ,くじら
501,隙,2,阜,극,틈,ゲキ・ケキ,すき・ひま
502,劇,5,刀,극,연극,ゲキ,はげ(しい)
503,撃,4,手,격,"치다, 쏘다",ゲキ・ケキ,う(つ)
504,激,5,水,격,심하다,ゲキ,はげ(しい)・はげ(ます)
505,桁,2,木,형,자릿수,コウ,けた
506,欠,7,欠,결,부족하다,ケツ,か(ける)・か(く)
507,穴,5,穴,혈,구멍,ケツ,あな
508,血,8,血,혈,피,ケツ・ケチ,ち
509,決,8,水,결,정하다,ケツ,き(める)・き(まる)
510,結,7,糸,결,"묶다, 맺다, 엮다",ケツ・ケチ・ケイ,むす(ぶ)・ゆ(う)・ゆ(わえる)・す(く)
511,傑,2.5,人,걸,뛰어나다,ケツ,すぐ(れる)
512,潔,6,水,결,깨끗하다,ケツ,いさぎよ(い)・きよ(い)
513,月,10,月,월,달,ゲツ・ガツ,つき
514,犬,10,犬,견,개,ケン,いぬ
515,件,6,人,건,물건,ケン,くだり・くだん
516,見,10,見,"견, 현",보다,ケン・ゲン,み(る)・み(える)・み(せる)・まみ(える)・あらわ(れる)
517,券,5,刀,권,문서,ケン,てがた・わりふ
518,肩,4,肉,견,어깨,ケン,かた
519,建,7,廴,건,"세우다, 짓다",ケン・コン,た(てる)・た(つ)・くつがえ(す)
520,研,8,石,연,"연구, 갈다",ケン・ゲン,と(ぐ)・みが(く)
521,県,8,目,현,고을,ケン,あがた
522,倹,3,人,검,검소하다,ケン,つま(しい)・つづま(やか)
523,兼,4,八,겸,겸하다,ケン,か(ねる)・あわ(せる)
524,剣,4,刀,검,칼,ケン,つるぎ
525,拳,2,手,권,주먹,ケン・ゲン,こぶし
526,軒,4,車,헌,"처마, 집",ケン,のき・くるま・てすり・と(ぶ)・たか(い)
527,健,7,人,건,"건강, 건강하다",ケン,すこ(やか)・たけ(し)・したた(か)
528,険,6,阜,험,험하다,ケン,けわ(しい)
529,圏,4,囗,권,우리,ケン,かこ(い)
530,堅,4,土,견,단단하다,ケン,かた(い)
531,検,6,木,검,검사,ケン,しら(べる)・あらた(める)
532,嫌,2.5,女,혐,싫다,ケン・ゲン,きら(う)・いや・うたが(う)
533,献,2.5,犬,헌,드리다,ケン・コン,ささ(げる)・たてまつ(る)・まつ(る)
534,絹,5,糸,견,비단,ケン,きぬ
535,遣,4,辵,견,"고용하다, 파견하다",ケン,つか(う)・つか(わす)・や(る)
536,権,5,木,권,권리,ケン・ゴン,いきお(い)・おもり・はか(る)・かり
537,憲,5,心,헌,헌법,ケン,のり・のっと(る)
538,賢,3,貝,현,현명하다,ケン,かしこ(い)・さか(しい)・まさ(る)
539,謙,2.5,言,겸,겸손,ケン,へりくだ(る)
540,鍵,2,金,건,"열쇠, 자물쇠",ケン,かぎ
541,繭,2.5,糸,견,고치,ケン,まゆ
542,顕,2.5,頁,현,나타나다,ケン,あき(らか)・あらわ(れる)
543,験,7,馬,험,"시험, 경험",ケン・ゲン,しるし・あかし・ため(す)
544,懸,2.5,心,현,걸다,ケン・ケ,か(ける)・か(かる)・へだ(たる)
545,元,9,儿,원,"으뜸, 원래",ゲン・ガン,もと・はじ(め)
546,幻,3,幺,환,환상,ゲン,まぼろし・まど(わす)
547,玄,4,玄,현,검정,ゲン,くろ・くろ(い)
548,言,9,言,언,"말, 말하다",ゲン・ゴン,い(う)・こと・ことば
549,弦,2.5,弓,현,"활시위, 줄",ゲン,つる
550,限,6,阜,한,제한하다,ゲン,かぎ(る)・きり
551,原,9,厂,원,"언덕, 근원",ゲン,はら・もと・たず(ねる)・ゆる(す)
552,現,6,玉,현,나타나다,ゲン,あらわ(れる)・あらわ(す)・うつつ
553,舷,2,舟,현,뱃전,ゲン,ふなばた・ふなべり
554,減,6,水,감,"빼다, 줄다",ゲン,へ(る)・へ(らす)
555,源,5,水,원,근원,ゲン,みなもと
556,厳,5,ツ,엄,엄하다,ゲン・ゴン,おごそ(か)・きび(しい)・いかめ(しい)・いか(つい)
557,己,5,己,기,"나, 너",ユ・キ,おのれ・つちのと
558,戸,9,戸,호,문,コ,と・へ
559,古,9,口,고,"옛, 오래되다",コ,ふる(い)・ふる(す)・いにしえ
560,呼,5,口,호,부르다,コ,よ(ぶ)
561,固,7,囗,고,"단단하다, 굳다",コ,かた(める)・かた(まる)・かた(い)・もと(より)
562,股,2,肉,고,가랑이,コ,また・もも
563,虎,2,虍,호,호랑이,コ,とら
564,孤,3,子,고,외롭다,コ,みなしご・ひと(り)・そむ(く)
565,弧,3,弓,호,활,コ,きゆみ
566,故,6,攵,고,"까닭, 이유, 사정, 그러므로",コ,ゆえ・ふる(い)・もと・ことさら(に)
567,枯,4,木,고,시들다,コ,か(れる)・か(らす)・から(びる)
568,個,6,人,개,낱,コ・カ,無し
569,庫,8,广,고,곳집,コ・ク,くら
570,湖,8,水,호,호수,コ,みずうみ
571,雇,3,隹,고,고용하다,コ,やと(う)
572,誇,4,言,과,자랑하다,コ,ほこ(る)
573,鼓,4,鼓,고,"타악기, 울리다",コ,つづみ
574,錮,2,金,고,막다,コ,ふさ(ぐ)・かた(い)・ながわずら(い)
575,顧,3,頁,고,뒤돌아보다,コ,かえり(みる)
576,五,10,二,오,"5, 다섯",ゴ,いつ・いつ(つ)
577,互,4,二,호,서로,ゴ,たが(い)・かたみ(に)
578,午,9,十,오,낮,ゴ,うま・ひる
579,呉,2.5,口,오,주다,ゴ,くれ・く(れる)
580,後,9,彳,후,뒤,ゴ・コウ,のち・うし(ろ)・あと・おく(れる)・しり
581,娯,3,女,오,즐기다,ゴ,たの(しむ)
582,悟,3,心,오,깨닫다,ゴ,さと(る)
583,碁,2.5,石,기,바둑,ゴ・キ,無し
584,語,9,言,어,말하다,ゴ・ギョ,かた(る)・かた(らう)・ことば・つ(げる)
585,誤,5,言,오,틀리다,ゴ,あやま(る)・まど(わす)
586,護,6,言,호,도움,ゴ,まも(る)・まも(り)
587,口,10,口,구,입,コウ・ク,くち
588,工,9,工,공,장인,コウ・ク,たくみ・たく(む)・わざ
589,公,9,八,공,공평,コウ・ク,おおやけ・きみ
590,勾,2,勹,구,굽다,コウ,ま(がる)・とら(える)
591,孔,3,子,공,구멍,コウ・ク,あな・はなは(だ)
592,功,7,力,공,공적,コウ・ク,いさお
593,巧,3,工,교,계략,コウ,たく(み)・たく(む)・うま(い)
594,広,9,广,광,넓다,コウ,ひろ(い)・ひろ(まる)・ひろ(める)・ひろ(がる)・ひろ(げる)
595,甲,3,田,갑,"갑, 투구",コウ・カン,つめ・きのえ・よろい・かぶと
596,交,9,亠,교,"사귀다, 섞다, 주고받다",コウ,まじ(わる)・まじ(える)・ま(じる)・ま(ざる)・ま(ぜる)・か(う)・か(わす)・こもごも
597,光,9,儿,광,"빛, 빛나다",コウ,ひか(る)・ひかり
598,向,8,口,향,향하다,コウ・キョウ,む(く)・む(ける)・む(かう)・む(こう)・さき(に)
599,后,5,口,후,임금,コウ・ゴ,のち・きさき・きみ
600,好,7,女,호,좋아하다,コウ,この(む)・す(く)・よ(い)・よしみ
601,江,2.5,水,강,강,コウ,え
602,考,9,耂,고,생각하다,コウ,かんが(える)
603,行,9,行,"행, 항","가다, 실시하다",コウ・ギョウ・アン,い(く)・ゆ(く)・おこな(う)・や(る)・みち
604,坑,3,土,갱,구덩이,コウ,あな
605,孝,5,子,효,효도,コウ・キョウ,無し
606,抗,4,手,항,저항,コウ,あらが(う)・はりあ(う)・ふせ(ぐ)・こば(む)
607,攻,4,攵,공,공격하다,コウ,せ(める)・みが(く)・おさ(める)
608,更,4,曰,"경, 갱","더욱, 깊어지다, 고치다",コウ,さら・ふ(ける)・ふ(かす)・か(える)・あらた(める)
609,効,6,力,효,효과,コウ,き(く)・かい・いた(す)・なら(う)
610,幸,8,干,행,"행복, 다행",コウ,さいわ(い)・さち・しあわ(せ)・みゆき
611,拘,3,手,구,구속,コウ,とら(える)・とど(める)・かか(わる)・こだわ(る)
612,肯,2.5,肉,긍,긍정,コウ,うなず(く)・がえん(じる)・うべな(う)・あ(えて)
613,侯,2.5,人,후,제후,コウ,まと・きみ
614,厚,6,厂,후,"두껍다, 뻔뻔하다",コウ,あつ(い)
615,恒,4,心,항,항상,コウ,つね・つね(に)
616,洪,2.5,水,홍,"넓다, 넘치다",コウ,おおみず
617,皇,5,白,황,임금,コウ・オウ,きみ・すめらぎ
618,紅,5,糸,홍,빨강,コウ・ク・グ,べに・くれない・あか(い)・もみ
619,荒,4,艸,황,"거칠다, 망치다",コウ,あら(い)・あ(れる)・あ(らす)・すさ(む)・すさ(ぶ)
620,郊,3,邑,교,변두리,コウ,無し
621,香,7,香,향,"향기, 향기나다",コウ・キョウ,か・かお(り)・かお(る)・かんば(しい)
622,候,7,人,후,"후보, 기후",コウ,そうろう・うかが(う)・ま(つ)・さぶら(う)
623,校,10,木,교,학교,コウ・キョウ,くら(べる)・かんが(える)・かせ・あぜ
624,耕,6,耒,경,"갈다, 일구다",コウ,たがや(す)
625,航,6,舟,항,배,コウ,わた(る)
626,貢,2.5,貝,공,바치다,コウ・ク,みつ(ぐ)
627,降,5,阜,"강, 항",내리다,コウ・ゴウ,お(りる)・お(ろす)・ふ(る)・くだ(る)・くだ(す)
628,高,9,高,고,"높다, 비싸다",コウ,たか(い)・たか・たか(まる)・たか(める)
629,康,7,广,강,건강,コウ,やす(い)
630,控,3,手,공,대기하다,コウ,ひか(える)・のぞ(く)・つ(げる)
631,梗,2,木,경,줄기,コウ・キョウ,おおむ(ね)・ふさ(がる)・かた(い)・つよ(い)・でく
632,黄,9,黄,황,노랑,コウ・オウ,き・こ
633,喉,2,口,후,목구멍,コウ,のど
634,慌,3,心,황,당황하다,コウ,あわ(てる)・あわ(ただしい)
635,港,8,水,항,항구,コウ,みなと
636,硬,3,石,경,단단하다,コウ,かた(い)
637,絞,3,糸,교,"짜다, 조르다, 죄이다",コウ,しぼ(る)・し(める)・し(まる)・くび(る)
638,項,4,頁,항,항목,コウ,うなじ
639,溝,2.5,水,구,도랑,コウ,みぞ・どぶ
640,鉱,6,金,광,광물,コウ,あらがね
641,構,6,木,구,"상관하다, 준비하다",コウ,かま(える)・かま(う)
642,綱,3,糸,강,밧줄,コウ,つな
643,酵,3,酉,효,삭히다,コウ,もと・こうじ
644,稿,4,禾,고,원고,コウ,したがき・わら
645,興,6,臼,흥,흥하다,コウ・キョウ,おこ(る)・おこ(す)
646,衡,2.5,行,형,저울,コウ,はかり・はか(る)・くびき
647,鋼,5,金,강,강철,コウ,はがね
648,講,6,言,강,강의,コウ,無し
649,購,2.5,貝,구,사다,コウ,あがな(う)
650,乞,2,乙,걸,바라다,キツ・コツ,こ(う)
651,号,8,口,호,호칭,ゴウ,さけ(ぶ)・よびな
652,合,9,口,합,"맞다, 합치다",ゴウ・ガッ・カッ・コウ,あ(う)・あ(わす)・あ(わせる)
653,拷,2.5,手,고,고문하다,ゴウ・コウ,う(つ)
654,剛,2.5,刀,강,굳세다,ゴウ・コウ,つよ(い)・かた(い)
655,傲,2,人,오,오만하다,ゴウ,おご(る)・あなど(る)・あそ(ぶ)
656,豪,4,豕,호,호걸,ゴウ・コウ,つよ(い)・えら(い)
657,克,3,儿,극,극복하다,コク,か(つ)・よ(く)
658,告,6,口,고,알리다,コク,つ(げる)
659,谷,9,谷,곡,골짜기,コク・ロク,たに・きわ(まる)・や
660,刻,5,刀,각,새기다,コク,きざ(む)・とき
661,国,9,囗,국,나라,コク,くに
662,黒,9,黒,흑,검정,コク,くろ・くろ(い)
663,穀,5,禾,곡,곡식,コク,無し
664,酷,2.5,酉,혹,심하다,コク,きび(しい)・むご(い)・はなは(だしい)
665,獄,3,犬,옥,감옥,ゴク,ひとや・うった(える)
666,骨,5,骨,골,뼈,コツ,ほね
667,駒,2,馬,구,망아지,ク,こま
668,込,4,辵,입,"담다, 채우다, 붐비다",無し,こ(む)・こ(める)
669,頃,2,頁,경,무렵,ケイ・キョウ,ころ・しばら(く)・かたあし
670,今,9,人,금,지금,コン・キン,いま
671,困,5,囗,곤,곤란하다,コン,こま(る)・くる(しむ)
672,昆,2.5,日,곤,곤충,コン,あに
673,恨,3,心,한,원망하다,コン,うら(む)・うら(めしい)
674,根,8,木,근,뿌리,コン,ね
675,婚,4,女,혼,결혼,コン,無し
676,混,6,水,혼,"섞다, 붐비다",コン,ま(じる)・ま(ざる)・ま(ぜる)・こ(む)
677,痕,2,疒,흔,흔적,コン,あと
678,紺,3,糸,감,감색,コン,無し
679,魂,3,鬼,혼,영혼,コン,たましい・たま
680,墾,3,土,간,개간하다,コン,ひら(く)
681,懇,2.5,心,간,"간절, 공손함",コン,ねんご(ろ)
682,左,10,工,좌,왼쪽,サ,ひだり
683,佐,7,人,좌,보좌,サ,すけ・たす(ける)
684,沙,2,水,사,모래,サ・シャ,すな・みぎわ・よな(げる)
685,査,6,木,사,조사,サ,しら(べる)
686,砂,5,石,사,모래,サ・シャ,すな・いさご
687,唆,2.5,口,사,부추기다,サ,そそのか(す)
688,差,7,工,차,"다름, 비치다, 쓰다, 끼우다, 받치다",サ・シ,さ(す)・たが(う)・つか(わす)
689,詐,2.5,言,사,속이다,サ,いつわ(る)
690,鎖,4,金,쇄,사슬,サ,くさり・とざ(す)・さ(す)
691,座,5,广,좌,"자리, 앉다",ザ,すわ(る)・いま(す)
692,挫,2,手,좌,"꺾이다, 삐다",ザ,くじ(く)・くじ(ける)
693,才,9,手,재,재주,サイ,ざえ・かど
694,再,6,冂,재,다시,サイ・サ,ふたた(び)
695,災,6,火,재,재앙,サイ,わざわ(い)
696,妻,6,女,처,아내,サイ・セイ,つま・めあ(わす)
697,采,2,釆,채,"주사위, 풍채",サイ,と(る)・いろどり・すがた・うね
698,砕,2.5,石,쇄,"부수다, 깨지다",サイ,くだ(く)・くだ(ける)
699,宰,2.5,宀,재,재상,サイ,つかさど(る)
700,栽,2.5,木,재,심다,サイ,う(える)
701,彩,4,彡,채,색칠하다,サイ,いろど(る)・あや
702,採,6,手,채,"뽑다, 채용하다",サイ,と(る)
703,済,5,水,제,끝나다,サイ・セイ,す(む)・す(ます)・すく(う)・な(す)・わた(る)・わた(す)
704,祭,8,示,제,축제,サイ,まつ(る)・まつ(り)
705,斎,2.5,斉,재,"재계, 집",サイ,ものいみ・つつし(む)・いつ(く)・とき
706,細,9,糸,세,"가늘다, 세세하다",サイ,ほそ(い)・ほそ(る)・こま(か)・こま(かい)・ささ(やか)・くわ(しい)
707,菜,7,艸,채,"채소, 야채",サイ,な
708,最,7,曰,최,가장,サイ,もっと(も)・も
709,裁,5,衣,재,"재단하다, 재판하다",サイ,た(つ)・さば(く)
710,債,3,人,채,빚,サイ,か(り)・か(し)
711,催,3,人,최,"불러 일으키다, 개최하다",サイ,もよお(す)・もよ(い)・うなが(す)
712,塞,2,土,색,막다,サイ・ソク,ふさ(ぐ)・ふさ(がる)・せ(く)・とりで・み(ちる)
713,歳,4,止,세,"나이, 해",サイ・セイ,とし・とせ・よわい
714,載,4,車,재,"놓다, 싣다",サイ,の(せる)・の(る)・しる(す)・とし
715,際,6,阜,제,"가장자리, 직전",サイ,きわ・まじ(わる)・あい
716,埼,7,土,기,곶,キ,さい・さき
717,在,6,土,재,있다,ザイ,あ(る)・ましま(す)・いま(す)
718,材,7,木,재,재료,ザイ・サイ,まるた
719,剤,4,刀,제,약제,ザイ・セイ,ま(ぜる)
720,財,6,貝,재,재물,ザイ・サイ,たから
721,罪,6,网,죄,죄,ザイ,つみ
722,崎,7,山,기,곶,キ,さき
723,作,9,人,작,만들다,サク・サ,つく(る)・な(す)
724,削,3,刀,삭,깎다,サク,けず(る)・そ(ぐ)・はつ(る)
725,昨,7,日,작,어제,サク,きのう
726,柵,2,木,책,울타리,サク,やらい・しがらみ・とりで
727,索,2.5,糸,색,찾다,サク,なわ・つな・もと(める)・さが(す)
728,策,5,竹,책,꾀,サク,はかりごと・むち・つえ・ふだ
729,酢,2.5,酉,초,식초,サク・ソ,す・す(い)
730,搾,3,手,착,"짜내다, 착취하다",サク,しぼ(る)
731,錯,3,金,착,어긋나다,サク・ソ,ま(じる)・あやま(る)・お(く)
732,咲,4,口,소,꽃 피다,ショウ,さ(く)
733,冊,5,冂,책,책,サツ・サク,ふみ・た(てる)
734,札,7,木,찰,표,サツ,ふだ・さね・わかじに
735,刷,7,刀,쇄,인쇄하다,サツ,す(る)・は(く)
736,刹,2,刀,찰,찰,サツ・セツ,てら
737,拶,2,手,찰,인사하다,サツ,せま(る)
738,殺,6,殳,살,죽이다,サツ・サイ・セツ,ころ(す)・そ(ぐ)・そ(げる)・けず(る)
739,察,7,宀,찰,살핌,サツ,あき(らか)・み(る)・し(る)
740,撮,3,手,촬,사진 찍다,サツ,と(る)・つま(む)
741,擦,3,手,찰,"문지르다, 스치다",サツ,す(る)・す(れる)・こす(る)・かす(れる)・さす(る)・なす(る)
742,雑,6,隹,잡,섞이다,ザツ・ゾウ,ま(じる)・ま(ぜる)
743,皿,8,皿,명,접시,ベイ,さら
744,三,10,一,삼,"3, 셋",サン,み・み(つ)・み(っつ)
745,山,10,山,산,산,サン・セン,やま
746,参,7,厶,"참, 삼","참여하다, 가다, 오다, 곤란하다, 3",サン・シン,まい(る)・まじ(わる)
747,桟,2.5,木,잔,사다리,サン,かけはし・たな
748,蚕,5,虫,잠,누에,サン,かいこ・こ
749,惨,4,心,참,비참하다,サン・ザン,みじ(め)・いた(む)・いた(ましい)・むご(い)
750,産,7,生,산,"낳다, 태어나다",サン,う(む)・う(まれる)・うぶ
751,傘,2.5,人,산,우산,サン,かさ
752,散,7,攵,산,"흩어지다, 떨어지다",サン,ち(る)・ち(らす)・ち(らかす)・ち(らかる)・ばら
753,算,9,竹,산,셈,サン,かぞ(える)・かず
754,酸,6,酉,산,시다,サン,す(い)・す・つら(い)
755,賛,6,貝,찬,찬성,サン,たす(ける)・ほ(める)・たた(える)
756,残,7,歹,잔,남다,ザン,のこ(る)・のこ(す)・そこ(なう)
757,斬,2,斤,참,베다,ザン・サン,き(る)
758,暫,3,日,잠,잠깐,ザン,しばら(く)・しば(し)
759,士,6,士,사,선비,シ,さむらい
760,子,10,子,자,"아들, 아이",シ・ス,こ・み・おとこ・ね
761,支,6,支,지,"버티다, 떠받치다",シ,ささ(える)・つか(える)・か(う)
762,止,9,止,지,"멈추다, 세우다",シ,と(まる)・と(める)・とど(まる)・とど(める)・や(める)・や(む)・よ(す)・さ(す)
763,氏,7,氏,씨,"성, 씨",シ,うじ
764,仕,8,人,사,섬기다,シ・ジ,つか(える)・つかまつ(る)
765,史,6,口,사,역사,シ,ふみ
766,司,7,口,사,맡다,シ・ス,つかさ・つかさど(る)
767,四,10,囗,사,"4, 넷",シ,よ・よ(つ)・よっ(つ)・よん
768,市,9,巾,시,도시,シ,いち
769,矢,9,矢,시,화살,シ,や
770,旨,4,日,지,"취지, 맛있다",シ,むね・うま(い)
771,死,8,歹,사,죽다,シ,し(ぬ)
772,糸,10,糸,사,실,シ,いと
773,至,5,至,지,이르다,シ,いた(る)
774,伺,4,人,사,여쭙다,シ,うかが(う)
775,志,6,心,지,뜻,シ,こころざ(す)・こころざし・しる(す)
776,私,5,禾,사,나,シ,わたくし・わたし・ひそ(か)
777,使,8,人,사,사용하다,シ,つか(う)・つか(わす)
778,刺,4,刀,자,찌르다,シ・セキ,さ(す)・さ(さる)・そし(る)・とげ・なふだ
779,始,8,女,시,시작하다,シ,はじ(める)・はじ(まる)
780,姉,9,女,자,"누나, 언니",シ,あね
781,枝,6,木,지,가지,シ,えだ
782,祉,3,示,지,복,シ,さいわ(い)
783,肢,2.5,肉,지,팔다리,シ,てあし
784,姿,5,女,자,모습,シ,すがた
785,思,9,心,사,생각하다,シン,おも(う)・おぼ(しい)
786,指,8,手,지,"손가락, 가리키다",シ,ゆび・さ(す)
787,施,3,方,시,베풀다,シ・セ,ほどこ(す)・し(く)
788,師,6,巾,사,스승,シ,みやこ・いくさ
789,恣,2,心,자,방자하다,シ,ほしいまま
790,紙,9,糸,지,종이,シ,かみ
791,脂,4,肉,지,기름,シ,あぶら・やに・べに
792,視,5,見,시,보다,シ,み(る)
793,紫,4,糸,자,보라,シ,むらさき
794,詞,5,言,사,말,シ,ことば
795,歯,8,歯,치,이,シ,は・よわい
796,嗣,2.5,口,사,잇다,シ,つ(ぐ)
797,試,7,言,시,"시험하다, 시도하다",シ,こころ(みる)・ため(す)
798,詩,8,言,시,시,シ,うた
799,資,6,貝,자,재물,シ,たから・もと・たす(ける)・たち
800,飼,6,食,사,기르다,シ,か(う)・やしな(う)
801,誌,5,言,지,기록,シ,しる(す)
802,雌,4,隹,자,암컷,シ,め・めす・めん
803,摯,2,手,지,잡다,シ,まこと・と(る)・にえ・あら(い)
804,賜,2.5,貝,사,주시다,シ,たまわ(る)・たま(う)・たまもの
805,諮,3,言,자,자문하다,シ,はか(る)・と(う)
806,示,6,示,시,"보이다, 가리키다",ジ・シ,しめ(す)
807,字,10,子,자,글자,ジ,あざ・あざな
808,寺,9,寸,사,절,ジ,てら
809,次,8,欠,차,"다음, 잇다",ジ・シ,つ(ぐ)・つぎ・つい(ず)・やど(る)
810,耳,10,耳,이,귀,ジ,みみ・のみ
811,自,9,自,자,"스스로, 저절로",ジ・シ,みずか(ら)・おのずか(ら)・よ(り)
812,似,6,人,사,"닮다, 어울리다",ジ・シ,に(る)・ごと(し)
813,児,7,儿,아,아이,ジ・ニ,こ
814,事,8,亅,사,일,ジ・ズ,こと・つか(える)
815,侍,3,人,시,"무사, 모시다",ジ・シ,さむらい・はべ(る)・さぶら(う)
816,治,7,水,치,"다스리다, 고치다, 낫다",ジ・チ,おさ(める)・おさ(まる)・なお(る)・なお(す)
817,持,8,手,지,"가지다, 버티다",ジ・チ,も(つ)
818,時,9,日,시,"때, 시간",ジ,とき
819,滋,7,水,자,불다,ジ・シ,し(げる)・ま(す)
820,慈,3,心,자,사랑하다,ジ,いつく(しむ)
821,辞,7,辛,사,"말씀, 그만두다",ジ,や(める)・ことば・ことわる
822,磁,5,石,자,자석,ジ・シ,やきもの
823,餌,2,食,이,"먹이, 사료, 미끼",ジ,えさ・え・たべもの・く(う)
824,璽,2.5,玉,새,옥새,ジ,しるし
825,鹿,7,鹿,록,사슴,ロク,しか・か
826,式,8,弋,식,법,シキ・ショク,のり・のっと(る)
827,識,6,言,식,알다,シキ・シ・ショク,し(る)・しる(す)
828,軸,3,車,축,축,ジク・チク,しんぎ
829,七,10,一,칠,"7, 일곱",シチ・シツ,なな・なな(つ)・なの
830,𠮟,2,口,질,꾸짖다,シツ・シチ,しか(る)
831,失,7,大,실,잃다,シツ,うしな(う)・う(せる)
832,室,9,宀,실,방,シツ,むろ・へや・つま・いえ
833,疾,3,疒,질,"질병, 벌써, 빨리",シツ,やまい・や(む)・やま(しい)・にく(む)・はや(い)・と(し)・と(く)
834,執,4,土,집,쥐다,シツ・シュウ,と(る)・とら(える)
835,湿,3,水,습,"습하다, 적시다",シツ,しめ(る)・しめ(す)・うるお(い)・うるお(す)
836,嫉,2,女,질,"질투, 시샘하다",シツ,ねた(む)・そね(む)・にく(む)
837,漆,2.5,水,칠,"옻, 7",シツ,うるし
838,質,6,貝,질,바탕,シツ・シチ・チ・シ,もと・たち・ただ(す)
839,実,8,宀,실,열매,ジツ,み・みの(る)・み(ちる)・まこと・さね・まめ
840,芝,4,艸,지,잔디,シ,しば
841,写,8,冖,사,"베끼다, 찍다",シャ,うつ(す)・うつ(る)
842,社,9,示,사,"모이다, 신사",シャ・ジャ,やしろ
843,車,10,車,차,자동차,シャ,くるま
844,舎,6,舌,사,집,シャ・セキ,いえ・やど・やど(る)・お(く)
845,者,8,耂,자,사람,シャ,もの
846,射,5,寸,사,쏘다,シャ・セキ・ヤ,い(る)・う(つ)・さ(す)・あ(てる)
847,捨,5,手,사,버리다,シャ,す(てる)・ほどこ(す)
848,赦,3,赤,사,용서하다,シャ,ゆる(す)
849,斜,4,斗,사,비스듬함,シャ,なな(め)・はす
850,煮,4,火,자,"삶다, 끓이다",シャ,に(る)・に(える)・に(やす)
851,遮,2.5,辵,차,차단하다,シャ,さえぎ(る)
852,謝,6,言,사,사과하다,シャ,あやま(る)・ことわ(る)・さ(る)
853,邪,3,邑,사,간사하다,ジャ・シャ・ヤ,よこしま
854,蛇,2.5,虫,사,뱀,ジャ・ダ・タ・イ,へび
855,尺,5,尸,척,척도,シャク・セキ,さし・ものさし・わず(か)
856,借,7,人,차,빌리다,シャク・シャ,か(りる)
857,酌,2.5,酉,작,술 마시다,シャク,く(む)
858,釈,4,釆,석,풀다,シャク・セキ,と(く)・ゆる(す)・と(かす)・お(く)
859,爵,2.5,爪,작,벼슬,シャク,さかずき
860,若,5,艸,약,"젊다, 혹은",ジャク・ニャク・ニャ,わか(い)・も(しくは)・し(く)・ごと(し)・も(し)・なんじ
861,弱,9,弓,약,약하다,ジャク・ニャク,よわ(い)・よわ(る)・よわ(まる)・よわ(める)
862,寂,4,宀,적,쓸쓸하다,ジャク・セキ,さび・さび(しい)・さび(れる)・さ(びる)・しず(か)
863,手,10,手,수,손,シュ・ズ,て・た
864,主,8,丶,주,주인,シュ・ス,ぬし・おも・あるじ・つかさど(る)
865,守,8,宀,수,지키다,シュ・ス,まも(る)・も(り)・かみ
866,朱,4,木,주,빨강,シュ・ス,あか・あけ
867,取,8,又,취,잡다,シュ,と(る)
868,狩,4,犬,수,사냥하다,シュ,か(る)・か(り)
869,首,9,首,수,목,シュ,くび・こうべ・かしら・はじ(め)・もう(す)
870,殊,3,歹,수,특히,シュ,こと
871,珠,2.5,玉,주,구슬,シュ,たま
872,酒,8,酉,주,술,シュ,さけ・さか
873,腫,2,肉,종,"종기, 붓다",シュ・ショウ,は(れる)・は(らす)・はれもの
874,種,7,禾,종,"씨앗, 종류",シュ・ショウ,たね・う(える)・くさ
875,趣,4,走,취,"뜻, 멋, 느낌, 취향",シュ・ソク,おもむき・おもむ(く)・うなが(す)
876,寿,3,寸,수,"목숨, 축하하다",ジュ・ス,ことぶき・ことほ(ぐ)・とし・ひさ(しい)
877,受,8,又,수,"받다, 붙다",ジュ・ズ,う(ける)・う(かる)
878,呪,2,口,주,저주하다,ジュ・シュウ,のろ(う)・まじな(う)・まじな(い)
879,授,6,手,수,주다,ジュ,さず(ける)・さず(かる)
880,需,4,雨,수,쓰다,ジュ,もと(める)
881,儒,2.5,人,유,선비,ジュ,無し
882,樹,5,木,수,나무,ジュ・キ,き・う(える)・た(てる)
883,収,5,又,수,"넣다, 거두다, 수습되다",シュウ,おさ(める)・おさ(まる)
884,囚,2.5,囗,수,가두다,シュウ,とら(える)・とら(われる)
885,州,8,川,주,고을,シュウ・ス,す・しま・くに
886,舟,4,舟,주,배,シュウ・シュ,ふね・ふな
887,秀,4,禾,수,뛰어나다,シュウ,ひい(でる)
888,周,7,口,주,주위,シュウ・ス,まわ(り)・めぐ(る)・あまね(く)
889,宗,5,宀,종,종교,シュウ・ソウ,むね
890,拾,8,手,"습, 십","줍다, 10",シュウ・ジュウ,ひろ(う)・とお
891,秋,9,禾,추,가을,シュウ,あき・とき
892,臭,2.5,自,취,냄새,シュウ・キュウ,くさ(い)・にお(う)
893,修,6,人,수,"닦다, 좋아지다",シュウ・シュ,おさ(める)・おさ(まる)・かざ(る)・なが(い)
894,袖,2,衣,수,소매,シュウ,そで
895,終,8,糸,종,끝나다,シュウ,お(わる)・お(える)・しま(う)・つい(に)
896,羞,2,羊,수,부끄럽다,シュウ,は(じる)・はずかし(める)・はじ・はずかし(め)・すす(める)
897,習,8,羽,습,배우다,シュウ・ジュウ,なら(う)
898,週,9,辵,주,"주, 7일",シュウ,めぐ(る)
899,就,5,尢,취,취임하다,シュウ・ジュ,つ(く)・つ(ける)・な(る)・な(す)
900,衆,5,血,중,무리,シュウ・シュ,おお(い)
901,集,8,隹,집,모이다,シュウ,あつ(まる)・あつ(める)・つど(う)・すだ(く)・たか(る)
902,愁,2.5,心,수,"상심하다, 걱정하다",シュウ,うれ(える)・うれ(い)
903,酬,2.5,酉,수,갚다,シュウ,むく(いる)
904,醜,2.5,酉,추,추하다,シュウ,みにく(い)・にく(む)・たぐい・しこ
905,蹴,2,足,축,차다,シュウ・シュク,け(る)
906,襲,4,衣,습,"덮치다, 습격하다",シュウ,おそ(う)・つ(ぐ)・かさ(ねる)・かさね
907,十,10,十,십,"10, 열",ジュウ・ジッ,とお・と
908,汁,2.5,水,즙,즙,ジュウ・シュウ,しる・つゆ
909,充,2.5,儿,충,"충당하다, 가득 차다",ジュウ・シュウ,あ(てる)・み(ちる)・み(たす)・み(つ)
910,住,8,人,주,살다,ジュウ,す(む)・す(まう)・とど(まる)
911,柔,4,木,유,부드럽다,ジョウ・ニュウ,やわ(らか)・やわ(らかい)・やさ(しい)・やわ(らげる)
912,重,8,里,중,"무겁다, 겹치다",ジュウ・チョウ,え・おも(い)・かさ(ねる)・かさ(なる)
913,従,5,彳,종,따르다,ジュウ・ショウ・ジュ,したが(う)・したが(える)
914,渋,2.5,水,삽,"떫다, 원활하지 않다",ジュウ・シュウ,しぶ・しぶ(い)・しぶ(る)
915,銃,2.5,金,총,총,ジュウ,つつ
916,獣,4,犬,수,짐승,ジュウ,けもの・けだもの・しし
917,縦,5,糸,종,세로,ジュウ・ショウ,たて・はな(つ)・ゆる(す)・ゆる(める)・ほしいまま・よし(んば)
918,叔,2.5,又,숙,아재비,シュク,わか(い)
919,祝,7,示,축,축하하다,シュク・シュウ,いわ(う)・た(つ)・の(る)・のろ(う)
920,宿,8,宀,숙,"숙소, 머물다, 품다",シュク・スク,やど・やど(る)・やど(す)
921,淑,2.5,水,숙,정숙하다,シュク,しと(やか)・よ(い)
922,粛,2.5,聿,숙,엄숙,シュク,つつし(む)
923,縮,5,糸,축,"줄다, 오그라들다",シュク,ちぢ(む)・ちぢ(まる)・ちぢ(める)・ちぢ(れる)・ちぢ(らす)
924,塾,2.5,土,숙,기숙사,ジュク,無し
925,熟,5,火,숙,"익다, 숙성하다",ジュク,う(れる)・う(む)・に(る)・に(える)・な(れる)・つらつら・つくづく・こな(す)・こな(れる)
926,出,10,凵,출,"나가다, 꺼내다",シュツ・スイ,で(る)・だ(す)・いだ(す)・い(づ)
927,述,6,辵,술,말하다,ジュツ,の(べる)
928,術,6,行,술,재주,ジュツ・シュツ・スイ,わざ・すべ
929,俊,2.5,人,준,우수하다,シュン,すぐ(れる)
930,春,9,日,춘,봄,シュン,はる
931,瞬,4,目,순,"반짝, 깜박이다",シュン,またた(く)・まばた(く)・まじろ(ぐ)・しばた(く)・しばたた(く)
932,旬,4,日,순,열흘,ジュン・シュン,無し
933,巡,4,川,순,돌다,ジュン,めぐ(る)・まわ(る)
934,盾,4,目,순,방패,ジュン,たて
935,准,2.5,冫,준,준하다,ジュン・シュン,なぞら(える)・ゆる(す)
936,殉,2.5,歹,순,죽다,ジュン,したが(う)
937,純,5,糸,순,순수,ジュン,きいと
938,循,2.5,彳,순,돌다,ジュン,したが(う)・めぐ(る)
939,順,7,頁,순,순번,ジュン,したが(う)・すなお
940,準,6,水,준,준하다,ジュン・シュン・セツ,なぞら(える)
941,潤,3,水,윤,축축해지다,ジュン,うるお(う)・うるお(す)・うる(む)・ほと(びる)
942,遵,3,辵,준,따라가다,ジュン・シュン,したが(う)
943,処,5,几,처,처치,ショ・ソ,ところ・お(る)・お(く)
944,初,7,刀,초,처음,ショ・ソ,はじ(め)・はじ(めて)・はつ・うい・そ(める)・うぶ
945,所,8,戸,소,장소,ショ・ソ,ところ
946,書,9,曰,서,"글, 쓰다",ショ,か(く)・ふみ
947,庶,2.5,广,서,여러,ショ,もろもろ・おお(い)・こいねが(う)
948,暑,8,日,서,덥다,ショ,あつ(い)
949,署,5,网,서,부서,ショ,やくわり・しる(す)
950,緒,2.5,糸,서,"줄, 끈, 실",ショ・チョ,お・いとぐち
951,諸,5,言,제,모두,ショ,もろ・もろもろ
952,女,10,女,녀,여자,ジョ・ニョ・ニョウ,おんな・め・むすめ・めあ(わせる)・なんじ
953,如,3,女,여,같다,ジョ・ニョ,し(く)・ごと(し)・ゆ(く)・も(し)
954,助,8,力,조,"돕다, 살아나다",ジョ,たす(ける)・たす(かる)・すけ
955,序,6,广,서,차례,ジョ,つい(で)・はしがき・まなびや
956,叙,2.5,又,서,서술하다,ジョ,の(べる)
957,徐,3,彳,서,서서히,ジョ,おもむろ
958,除,5,阜,제,제외하다,ジョ・ジ,のぞ(く)・はら(う)・の(ける)・よ(ける)・つ(きる)
959,小,10,小,소,작다,ショウ,ちい(さい)・こ・お・さ
960,升,2.5,十,승,되,ショウ,ます・のぼ(る)
961,少,9,小,소,"적다, 조금",ショウ,すく(ない)・すこ(し)・わか(い)・しばら(く)・まれ
962,召,4,口,소,불러들이다,ショウ,め(す)
963,匠,3,匚,장,장인,ショウ,たくみ
964,床,4,广,상,마루,ショウ,とこ・ゆか
965,抄,2.5,手,초,뽑다,ショウ・ソウ,うつ(す)・す(く)・すく(う)・かすめ(る)
966,肖,2.5,肉,초,닮다,ショウ,に(る)・あやか(る)・かたど(る)
967,尚,2.5,小,상,"더욱, 또한",ショウ,なお・たっと(ぶ)・とうと(ぶ)・くわ(える)
968,招,6,手,초,초대하다,ショウ,まね(く)
969,承,5,手,승,"듣다, 받다",ショウ,うけたまわ(る)・う(ける)
970,昇,3,日,승,오르다,ショウ,のぼ(る)
971,松,7,木,송,소나무,ショウ,まつ
972,沼,4,水,소,늪,ショウ,ぬま
973,昭,8,日,소,"밝다, 일본 연호",ショウ,あき(らか)
974,宵,2.5,宀,소,밤,ショウ,よい
975,将,5,寸,장,"장차, 장수",ショウ,ひき(いる)・まさ(に…す)・はた
976,消,8,水,소,"사라지다, 끄다",ショウ,き(える)・け(す)
977,症,2.5,疒,증,증세,ショウ,しるし
978,祥,2.5,示,상,상서,ショウ,さいわ(い)・さち・きざ(し)
979,称,4,禾,칭,칭하다,ショウ,とな(える)・たた(える)・あ(げる)・かな(う)・はか(る)
980,笑,7,竹,소,웃다,ショウ,わら(う)・え(む)
981,唱,7,口,창,"부르다, 소리 내어 읽다, 주장하다",ショウ,とな(える)・うた(う)・うた
982,商,8,口,상,"장사, 장사하다",ショウ,あきな(う)・はか(る)
983,渉,2.5,水,섭,건너다,ショウ,わた(る)・かか(わる)
984,章,8,立,장,글,ショウ,あや・しるし・ふみ
985,紹,4,糸,소,소개,ショウ,つ(ぐ)
986,訟,2.5,言,송,소송,ショウ・ジュ,うった(える)
987,勝,8,力,승,"이기다, 우수하다",ショウ,か(つ)・まさ(る)・すぐ(れる)・た(える)
988,掌,3,手,장,손바닥,ショウ,てのひら・たなごころ・つかさど(る)
989,晶,3,日,정,보석,ショウ,あき(らか)
990,焼,7,火,소,태우다,ショウ,や(く)・や(ける)・く(べる)
991,焦,3,火,초,"타다, 그을다, 안달하다",ショウ,こ(げる)・こ(がす)・こ(がれる)・あせ(る)・や(く)・じ(らす)・じ(れる)
992,硝,2.5,石,초,화약,ショウ,無し
993,粧,2.5,米,장,단장,ショウ・ソウ,よそお(う)・めか(す)
994,詔,2.5,言,조,조서,ショウ,みことのり
995,証,6,言,증,증거,ショウ,あか(し)
996,象,6,豕,상,"코끼리, 대상",ショウ・ゾウ,かたち・かたど(る)
997,傷,5,人,상,"상처, 상하다",ショウ,きず・いた(む)・いた(める)・そこ(なう)
998,奨,2.5,大,장,장려하다,ショウ・ソウ,すす(める)
999,照,7,火,조,"비추다, 빛나다, 부끄러워하다",ショウ,て(る)・て(らす)・て(れる)
1000,詳,4,言,상,자세하다,ショウ,くわ(しい)・つまび(らか)
1001,彰,2.5,彡,창,드러나다,ショウ,あき(らか)・あらわ(す)・あらわ(れる)
1002,障,5,阜,장,거슬리다,ショウ,さわ(る)・へだ(てる)・ふせ(ぐ)
1003,憧,2,心,동,동경하다,シュウ・ドウ,あこが(れる)
1004,衝,3,行,충,"찌르다, 부딪히다",ショウ,つ(く)
1005,賞,6,貝,상,상금,ショウ,ほ(める)・め(でる)
1006,償,2.5,人,상,갚다,ショウ,つぐな(う)
1007,礁,2.5,石,초,암초,ショウ,かくれいわ
1008,鐘,3,金,종,종,ショウ・シュ,かね
1009,上,10,一,상,"위, 올리다, 오르다",ジョウ・ショウ,うえ・うわ・かみ・あ(げる)・あ(がる)・のぼ(る)・のぼ(せる)・のぼ(す)・たてまつ(る)・ほとり
1010,丈,4,一,장,"키, 길이",ジョウ,たけ
1011,冗,3,冖,용,쓸데 없음,ジョウ,むだ
1012,条,6,木,조,조건,ジョウ,えだ・すじ
1013,状,6,犬,"상, 장","상황, 문서",ジョウ,かたち・かきつけ
1014,乗,8,丿,승,타다,ジョウ・ショウ,の(る)・の(せる)
1015,城,7,土,성,성,ジョウ・セイ,しろ・き
1016,浄,2.5,水,정,깨끗하다,ジョウ,きよ(い)
1017,剰,2.5,刀,잉,남다,ジョウ,あま(る)・あま(す)・あまつさ(え)
1018,常,6,巾,상,항상,ジョウ,つね・とこ
1019,情,6,心,정,정,ジョウ・セイ,なさ(け)・こころ・おもむき
1020,場,9,土,장,마당,ジョウ,ば
1021,畳,4,田,첩,"개다, 다다미",ジョウ・チョウ,たた(む)・たたみ・かさ(ねる)
1022,蒸,5,艸,증,"증기, 무덥다, 뜸들다",ジョウ,む(す)・む(れる)・む(らす)・ふ(かす)・ふ(ける)・おお(い)
1023,縄,7,糸,승,새끼줄,ジョウ,なわ・ただ(す)
1024,壌,2.5,土,양,흙,ジョウ,つち
1025,嬢,3,女,양,아가씨,ジョウ,むすめ
1026,錠,3,金,정,덩이,ジョウ・テイ,無し
1027,譲,3,言,양,"양보하다, 주다",ジョウ,ゆず(る)・せ(める)
1028,醸,2.5,酉,양,"양조하다, 담그다",ジョウ,かも(す)
1029,色,9,色,색,색,ショク・シキ,いろ
1030,拭,2,手,식,닦다,シュク・シキ,ふ(く)・ぬぐ(う)
1031,食,9,食,식,"먹다, 받다",ショク・ジキ・シ,く(う)・く(らう)・た(べる)・は(む)
1032,植,8,木,식,심다,ショク・チ,う(える)・う(わる)・た(てる)
1033,殖,4,歹,식,늘다,ショク,ふ(える)・ふ(やす)
1034,飾,4,食,식,꾸미다,ショク,かざ(る)
1035,触,4,角,촉,"닿다, 만지다",ショク・ソク,ふれる・さわる
1036,嘱,3,口,촉,부탁하다,ショク,たの(む)
1037,織,6,糸,직,짜다,ショク・シキ,お(る)
1038,職,6,耳,직,직장,ショク・シキ,つと(め)・つかさ・つかさど(る)
1039,辱,3,辰,욕,모욕하다,ジョク・ニク,はずかし(める)・はじ・はずかし(め)・かたじけな(い)
1040,尻,2,尸,고,엉덩이,コウ,しり
1041,心,9,心,심,마음,シン,こころ・うら
1042,申,8,田,신,아뢰다,シン,もう(す)・さる・かさ(ねる)
1043,伸,3,人,신,"자라다, 늘다",シン,の(びる)・の(ばす)・の(べる)・の(す)・の(る)
1044,臣,7,臣,신,신하,シン・ジン,おみ
1045,芯,2,艸,심,심지,シン,とうしんぐさ
1046,身,8,身,신,몸,シン,み
1047,辛,3,辛,신,"맵다, 괴롭다",シン,から(い)・つら(い)・かのと
1048,侵,4,人,침,침범하다,シン,おか(す)・みにく(い)
1049,信,7,人,신,믿음,シン,まこと・まか(せる)・たよ(り)
1050,津,2.5,水,진,"나루터, 진액",シン,つ・しる
1051,神,8,示,신,신,シン・ジン,かみ・かん・こう・たましい
1052,唇,2.5,口,순,입술,シン,くちびる
1053,娠,2.5,女,신,임신,シン,はら(む)・みごも(る)
1054,振,4,手,진,흔들다,シン,ふ(る)・ふ(るう)・ふ(れる)・すく(う)
1055,浸,4,水,침,"담그다, 잠기다",シン,ひた(す)・ひた(る)・つ(く)・つ(かる)・し(みる)
1056,真,8,目,진,진짜,シン,ま・まこと
1057,針,5,金,침,바늘,シン,はり
1058,深,8,水,심,깊다,シン,ふか(い)・ふか(まる)・ふか(める)・ふ(ける)・み
1059,紳,2.5,糸,신,띠,シン,おおおび
1060,進,8,辵,진,나아가다,シン,すす(む)・すす(める)
1061,森,10,木,삼,숲,シン,もり
1062,診,2.5,言,진,진찰하다,シン,み(る)
1063,寝,4,宀,침,자다,シン,ね(る)・ね(かす)・みたまや・や(める)・みにく(い)
1064,慎,4,心,신,"삼가다, 조심스럽다",シン,つつし(む)・つつま(しい)・つつま(しやか)
1065,新,9,斤,신,새롭다,シン,あたら(しい)・あら(た)・にい・さら
1066,審,3,宀,심,살피다,シン,つまび(らか)
1067,震,4,雨,진,"흔들다, 떨다",シン,ふる(う)・ふる(える)
1068,薪,4,艸,신,장작,シン,たきぎ・まき
1069,親,9,見,친,"부모, 친하다",シン,おや・した(しい)・した(しむ)・みずか(ら)
1070,人,10,人,인,사람,ジン・ニン,ひと
1071,刃,2.5,刀,인,"칼, 칼날",ジン・ニン,は・やいば・き(る)
1072,仁,5,人,인,어질다,ジン・ニ・ニン,無し
1073,尽,4,尸,진,"다하다, 바닥나다, 없어지다",ジン,つ(くす)・つ(きる)・つ(かす)・すが(れる)・ことごと(く)
1074,迅,2.5,辵,신,빠르다,ジン,はや(い)・はげ(しい)
1075,甚,2.5,甘,심,"매우, 심하다",ジン,はなは(だ)・はなは(だしい)・いた(く)
1076,陣,4,阜,진,풀다,ジン・チン,じんだて
1077,尋,4,寸,심,묻다,ジン,たず(ねる)・つね・ひろ
1078,腎,2,肉,신,콩팥,ジン・シン,無し
1079,須,2,頁,수,모름지기,ス・シュ,ま(つ)・もち(いる)・もと(める)・すべか(らく…べし)・しばら(く)
1080,図,9,囗,도,그림,ズ・ト,はか(る)・え
1081,水,10,水,수,물,スイ,みず
1082,吹,4,口,취,"불다, 뿜다",スイ,ふ(く)
1083,垂,5,土,수,늘어지다,スイ,た(れる)・た(らす)・しだ(れる)・しで・なんなん(とする)
1084,炊,3,火,취,밥을 짓다,スイ,た(く)・かし(ぐ)
1085,帥,2.5,巾,수,"장수, 머리",スイ・ソツ,ひき(いる)
1086,粋,3,米,수,"순수, 세련되다",スイ,いき
1087,衰,3,衣,쇠,쇠퇴하다,スイ・サイ,おとろ(える)
1088,推,5,手,추,"추리, 밀다, 추천하다",スイ,お(す)
1089,酔,3,酉,취,취하다,スイ,よ(う)
1090,遂,3,辵,수,"이루다, 마침내",スイ,と(げる)・おお(せる)・つい(に)
1091,睡,2.5,目,수,졸음,スイ,ねむ(る)
1092,穂,3,禾,수,이삭,スイ,ほ
1093,随,3,阜,수,따르다,ズイ,したが(う)
1094,髄,3,骨,수,뼛골,ズイ,無し
1095,枢,2.5,木,추,중심,スウ,とぼそ・かなめ
1096,崇,2.5,山,숭,높다,スウ・シュウ,たか(い)・たっと(ぶ)・とうと(ぶ)・あが(める)・お(わる)
1097,数,9,攵,수,"수, 세다",スウ・ス・シュ・サク・ソク,かず・かぞ(える)・しばしば
1098,据,2.5,手,거,"설치하다, 안정되다",キョ,す(える)・す(わる)
1099,杉,2.5,木,삼,삼나무,サン,すぎ
1100,裾,2,衣,거,옷자락,キョ,すそ
1101,寸,5,寸,촌,마디,スン・ソン,わず(か)・き
1102,瀬,3,水,뢰,여울,ライ,せ
1103,是,4,日,시,옳다,ゼ・シ,これ・こ(の)・ただ(しい)
1104,井,7,二,정,우물,セイ・ショウ,い・いげた
1105,世,8,一,세,세상,セイ・セ,よ
1106,正,10,止,정,바르다,セイ・ショウ,ただ(しい)・ただ(す)・まさ
1107,生,10,生,생,"살다, 태어나다, 나다",セイ・ショウ,い(きる)・い(かす)・い(ける)・う(まれる)・う(む)・お(う)・は(える)・は(やす)・き・なま・いのち・うぶ・な(る)・な(す)
1108,成,7,戈,성,"이루다, 되다",セイ・ジョウ,な(る)・な(す)
1109,西,9,襾,서,서쪽,セイ・サイ・スイ,にし
1110,声,9,士,성,소리,セイ・ショウ,こえ・こわ
1111,制,6,刀,제,절제,セイ,おさ(える)
1112,姓,4,女,성,성씨,セイ・ショウ,かばね
1113,征,4,彳,정,치다,セイ,ゆ(く)・う(つ)・と(る)
1114,性,6,心,성,성품,セイ・ショウ,さが・たち
1115,青,10,青,청,파랑,セイ・ショウ,あお・あお(い)
1116,斉,2.5,斉,제,가지런하다,セイ・サイ,ととの(える)・ひと(しい)・ものいみ
1117,政,6,攵,정,국정,セイ・ショウ,まつりごと
1118,星,9,日,성,별,セイ・ショウ,ほし
1119,牲,3,牛,생,희생,セイ,いけにえ
1120,省,7,目,성,"줄이다, 반성하다",セイ・ショウ,かえり(みる)・はぶ(く)
1121,凄,2,冫,처,"처참하다, 굉장하다",セイ,すさ(まじい)・すご(い)・すご(む)・さむ(い)
1122,逝,2.5,辵,서,죽다,セイ,ゆ(く)・い(く)
1123,清,7,水,청,"맑다, 깨끗이 하다",セイ・ショウ・シン,きよ(い)・きよ(まる)・きよ(める)・さや(か)・す(む)
1124,盛,5,皿,성,"쌓아 올리다, 활발하다",セイ・ジョウ,も(る)・さか(る)・さか(ん)
1125,婿,3,女,서,사위,セイ,むこ
1126,晴,9,日,청,맑다,セイ,は(れる)・は(らす)
1127,勢,6,力,세,"기세, 세력",セイ・セ,いきお(い)
1128,聖,5,耳,성,신성,セイ・ショウ,ひじり
1129,誠,5,言,성,"성의, 정성",セイ・ジョウ,まこと
1130,精,6,米,정,정신,セイ・ショウ,しら(げる)・くわ(しい)・もののけ
1131,製,6,衣,제,짓다,セイ,つく(る)
1132,誓,2.5,言,서,맹세하다,セイ・ゼイ,ちか(う)
1133,静,7,青,정,"조용하다, 가라앉다",セイ・ジョウ,しず・しず(か)・しず(まる)・しず(める)
1134,請,3,言,청,"청하다, 떠맡다",セイ・シン・ショウ,こ(う)・う(ける)
1135,整,8,攵,정,정리하다,セイ,ととの(える)・ととの(う)
1136,醒,2,酉,성,깨닫다,セイ,さ(める)・さ(ます)
1137,税,6,禾,세,세금,ゼイ・セイ,みつぎ
1138,夕,10,夕,석,저녁,セキ,ゆう
1139,斥,3,斤,척,물리치다,セキ,しりぞ(ける)・うかが(う)
1140,石,10,石,석,돌,セキ・シャク・コク・ジャク,いし
1141,赤,10,赤,적,"빨강, 아기",セキ・シャク,あか・あか(い)・あか(らむ)・あか(らめる)
1142,昔,8,日,석,옛날,セキ・シャク,むかし
1143,析,2.5,木,석,쪼개다,セキ,さ(く)・わ(ける)・わ(かれる)
1144,席,7,巾,석,자리,セキ,むしろ
1145,脊,2,肉,척,척추,セキ,せ・せい
1146,隻,3,隹,척,외짝,セキ,ひと(つ)
1147,惜,3,心,석,아깝다,セキ・シャク,お(しい)・お(しむ)
1148,戚,2,戈,척,겨레,セキ,みうち・いた(む)・うれ(える)
1149,責,6,貝,책,꾸짖다,セキ・シャク,せ(める)
1150,跡,4,足,적,자취,セキ・シャク,あと
1151,積,7,禾,적,쌓다,セキ・シ・シャク,つ(む)・つ(もる)・たくわ(える)
1152,績,6,糸,적,업적,セキ,つむ(ぐ)・う(む)・いさお
1153,籍,3,竹,적,문서,セキ・ジャク,ふみ・し(く)・ふ(む)
1154,切,9,刀,"절, 체","끊다, 자르다",セツ・サイ,き(る)・き(れる)
1155,折,7,手,절,꺾다,セツ・シャク,お(る)・おり・お(れる)・くじ(ける)・さだ(める)
1156,拙,2.5,手,졸,형편없다,セツ,つたな(い)・まず(い)
1157,窃,2.5,穴,절,훔치다,セツ,ぬす(む)・ひそ(かに)
1158,接,6,手,접,잇다,セツ・ショウ,つ(ぐ)・は(ぐ)・まじ(わる)・もてな(す)
1159,設,6,言,설,설치하다,セツ・セチ,もう(ける)・しつら(える)
1160,雪,9,雨,설,눈,セツ,ゆき・すす(ぐ)・そそ(ぐ)
1161,摂,3,手,섭,다스리다,セツ・ショウ,と(る)・か(ねる)・か(わる)
1162,節,7,竹,절,마디,セツ・セチ,ふし・みさお・ノット
1163,説,7,言,설,"설명, 말하다, 해석하다",セツ・ゼイ・エツ,と(く)・よろこ(ぶ)
1164,舌,5,舌,설,혀,ゼツ・セツ,した・ことば
1165,絶,6,糸,절,"끊다, 끝나다",ゼツ・ゼチ・セツ,た(える)・た(やす)・た(つ)・はなは(だ)・わた(る)
1166,千,10,十,천,1000,セン,ち
1167,川,10,川,천,강,セン,かわ
1168,仙,2.5,人,선,신선,セン,無し
1169,占,4,卜,점,"점치다, 차지하다",セン,し(める)・うらな(う)
1170,先,10,儿,선,먼저,セン,さき・ま(ず)
1171,宣,5,宀,선,베풀다,セン,の(べる)・のたま(う)
1172,専,5,寸,전,오로지,セン,もっぱ(ら)・ほしいまま
1173,泉,5,水,천,샘,セン,いずみ
1174,浅,7,水,천,얕다,セン,あさ(い)
1175,洗,5,水,세,씻다,セン,あら(う)
1176,染,5,木,염,"물들다, 번지다",セン・ゼン,そ(める)・そ(まる)・し(みる)・し(み)
1177,扇,4,戸,선,부채,セン,おうぎ・あお(ぐ)・おだ(てる)
1178,栓,2.5,木,전,마개,セン,無し
1179,旋,2.5,方,선,돌다,セン,めぐ(る)
1180,船,9,舟,선,배,セン,ふね・ふな
1181,戦,7,戈,전,"싸움, 싸우다",セン,いくさ・たたか(う)・おのの(く)・そよ(ぐ)
1182,煎,2,火,전,"볶다, 지지다",セン,い(る)・に(る)
1183,羨,2,羊,선,부럽다,セン・ゼン・エン,うらや(む)・うらや(ましい)・あま(る)・はかみち
1184,腺,2,肉,선,샘,セン,すじ
1185,詮,2,言,전,설명하다,セン,あきらか・しら(べる)・そな(わる)・えら(ぶ)
1186,践,2.5,足,천,밟다,セン,ふ(む)
1187,䇳,2,竹,전,기록하다,セン,ふだ・はりふだ・なふだ・ときあ(かし)・てがみ・かきもの
1188,銭,5,金,전,돈,セン・ゼン,ぜに・すき
1189,潜,3,水,잠,"숨다, 잠수하다",セン,ひそ(む)・もぐ(る)・くぐ(る)
1190,線,9,糸,선,"줄, 선",セン,いと・すじ
1191,遷,2.5,辵,천,옮기다,セン,うつ(る)・うつ(す)
1192,選,7,辵,선,고르다,セン,えら(ぶ)・え(る)・よ(る)・すぐ(る)
1193,薦,2.5,艸,천,추천하다,セン,すす(める)・こも・し(く)・しき(りに)
1194,繊,2.5,糸,섬,가늘다,セン・チン,ほそ(い)・ちい(さい)・しな(やか)
1195,鮮,4,魚,선,선명함,セン,あざ(やか)・あたら(しい)・すく(ない)
1196,全,8,入,전,"전부, 전혀",ゼン・セン,まった(く)・すべ(て)
1197,前,9,刀,전,앞,ゼン・セン,まえ・さき
1198,善,5,口,선,"착하다, 좋다",ゼン・セン,よ(い)
1199,然,7,火,연,당연,ゼン・ネン,しか(り)・しか(し)・しか(も)・も(える)
1200,禅,2.5,示,선,선,ゼン・セン,ゆず(る)
1201,漸,2.5,水,점,점차,ゼン・ザン,ようや(く)・すす(む)・やや
1202,膳,2,肉,선,밥상,ゼン・セン,そな(える)・かしわ
1203,繕,3,糸,선,수선하다,ゼン・セン,つくろ(う)
1204,狙,2,犬,저,노리다,ソ,ねら(う)・さる
1205,阻,3,阜,조,막다,ソ,はば(む)・けわ(しい)・へだ(たる)
1206,祖,6,示,조,조상,ソ,おや・じじ・はじ(め)
1207,租,2.5,禾,조,조세,ソ,みつぎ・ちんが(り)
1208,素,6,糸,소,요소,ソ・ス,もと・もと(より)・しろ(い)
1209,措,3,手,조,조치,ソ,お(く)・はか(らう)
1210,粗,3,米,조,"결점, 조잡하다",ソ,あら(い)・ほぼ
1211,組,9,糸,조,짜다,ソ,く(む)・くみ・くみひも
1212,疎,2.5,疋,소,"소원하다, 멀리하다, 소홀함",ソ・ショ,うと(い)・うと(む)・まば(ら)・うろ・おろ・おろそ(か)・おろ(か)・とお(る)・とお(す)
1213,訴,4,言,소,호소하다,ソ,うった(える)
1214,塑,2.5,土,소,빚다,ソ,でく
1215,遡,2,辵,소,거슬러 올라가다,ソ,さかのぼ(る)・む(かう)
1216,礎,3,石,초,주춧돌,ソ,いしずえ
1217,双,3,又,쌍,쌍,ソウ,ふた・ふた(つ)・たぐい・もろ・なら(ぶ)
1218,壮,2.5,士,장,장하다,ソウ,さか(ん)
1219,早,10,日,조,"이르다, 빨라지다",ソウ・サッ,はや(い)・はや(まる)・はや(める)・さ
1220,争,7,亅,쟁,다투다,ソウ,あらそ(う)・いさ(める)
1221,走,9,走,주,달리다,ソウ,はし(る)
1222,奏,5,大,주,연주하다,ソウ,かな(でる)・すす(める)
1223,相,8,目,상,서로,ソウ・ショウ,あい・さが・たす(ける)
1224,荘,2.5,艸,장,"별장, 씩씩하다",ソウ・ショウ,おごそ(か)・しもやしき
1225,草,10,艸,초,풀,ソウ,くさ
1226,送,8,辵,송,보내다,ソウ,おく(る)
1227,倉,7,人,창,창고,ソウ,くら・にわ(か)
1228,捜,2.5,手,수,찾다,ソウ,さが(す)
1229,挿,2.5,手,삽,꽂다,ソウ,さ(す)・はさ(む)・す(げる)・さしはさ(む)
1230,桑,3,木,상,뽕나무,ソウ,くわ
1231,巣,7,ツ,소,둥지,ソウ,す
1232,掃,3,手,소,쓸다,ソウ,は(く)・はら(う)
1233,曹,2.5,曰,조,무리,ソウ・ゾウ,つかさ・ともがら
1234,曽,2,曰,증,일찍,ソウ・ゾ・ソ・ゾウ,かつ(て)・かさ(なる)・ま(す)・すなわ(ち)
1235,爽,2,大,상,산뜻하다,ソウ,さわ(やか)・あき(らか)・たが(う)
1236,窓,5,穴,창,창문,ソウ,まど
1237,創,5,刀,창,만들다,ソウ,つく(る)・はじ(める)・きず
1238,喪,2.5,口,상,잃다,ソウ,も・うしな(う)・ほろ(びる)・ほろ(ぼす)
1239,痩,2,疒,수,"야위다, 살 빠지다",ソウ・シュウ,や(せる)・ほそ(い)・こ(ける)
1240,葬,3,艸,장,"매장하다, 장례",ソウ,ほうむ(る)
1241,装,5,衣,장,꾸미다,ソウ・ショウ,よそお(う)・よそ(う)
1242,僧,4,人,승,승려,ソウ,無し
1243,想,8,心,상,생각,ソウ・ソ,おも(う)
1244,層,5,尸,층,층,ソウ,かさ(なる)
1245,総,6,糸,총,거느리다,ソウ,す(べる)・すべ(て)・ふさ
1246,遭,3,辵,조,만나다,ソウ,あ(う)
1247,槽,2.5,木,조,물통,ソウ,かいばおけ・おけ・ふね
1248,踪,2,足,종,자취,ソウ・シュウ,あと
1249,操,5,手,조,"절조, 조종하다",ソウ,みさお・あやつ(る)・と(る)
1250,燥,4,火,조,마르다,ソウ,かわ(く)・はしゃ(ぐ)
1251,霜,2.5,雨,상,서리,ソウ,しも
1252,騒,4,馬,소,떠들다,ソウ,さわ(ぐ)・ざわ(つく)・ぞめ(く)・うれ(い)
1253,藻,2.5,艸,조,"해초, 수초",ソウ,も・あや
1254,造,6,辵,조,"만들다, 짓다",ゾウ,つく(る)・いた(る)・な(る)・はじ(める)・みやつこ
1255,像,6,人,상,모양,ゾウ・ショウ,かたち・かたど(る)
1256,増,6,土,증,"늘다, 증가하다",ゾウ・ソウ,ま(す)・ふ(える)・ふ(やす)
1257,憎,3,心,증,"밉다, 얄밉다",ゾウ・ソウ,にく(む)・にく(い)・にく(らしい)・にく(しみ)
1258,蔵,5,艸,장,창고,ゾウ・ソウ,くら・おさ(める)・かく(れる)
1259,贈,4,貝,증,주다,ゾウ・ソウ,おく(る)
1260,臓,5,肉,장,장기,ゾウ・ソウ,はらわた
1261,即,4,卩,즉,곧,ソク・ショク,つ(く)・すなわ(ち)
1262,束,7,木,속,"약속, 묶음, 다발",ソク,たば・つか・つか(ねる)
1263,足,10,足,족,"발, 충분하다, 만족하다, 더하다",ソク,あし・た(りる)・た(る)・た(す)
1264,促,3,人,촉,재촉하다,ソク,うなが(す)・せま(る)
1265,則,6,刀,칙,법칙,ソク,のり・のっと(る)・すなわ(ち)
1266,息,8,心,식,숨,ソク,いき・やす(む)
1267,捉,2,手,착,붙잡다,ソク,とら(える)・つか(まえる)・と(る)
1268,速,8,辵,속,빠르다,ソク,はや(い)・はや(める)・はや(まる)・すみ(やか)
1269,側,7,人,측,"측, 쪽",ソク・ショク,がわ・そば・はた・かたわ(ら)
1270,測,6,水,측,측정하다,ソク,はか(る)
1271,俗,4,人,속,풍속,ゾク,なら(わし)・いや(しい)
1272,族,8,方,족,겨례,ゾク,やから
1273,属,6,尸,속,무리,ゾク・ショク,つ(く)・やから
1274,賊,3,貝,적,도둑,ゾク,そこ(なう)・わるもの
1275,続,7,糸,속,계속하다,ゾク・ショク,つづ(く)・つづ(ける)・つ(ぐ)
1276,卒,7,十,졸,마침,ソツ・シュツ,しもべ・お(わる)・お(える)・にわ(かに)・つい(に)
1277,率,6,玄,"솔, 율","이끌다, 비율",ソツ・リツ・スイ・シュツ,ひき(いる)・したが(う)・おおむ(ね)・わりあい・かしら
1278,存,5,子,존,있다,ソン・ゾン,あ(る)・たも(つ)・ながら(える)・と(う)
1279,村,10,木,촌,마을,ソン,むら
1280,孫,7,子,손,손자,ソン,まご
1281,尊,5,寸,존,"귀중하다, 존중하다",ソン,たっと(い)・とうと(い)・たっと(ぶ)・とうと(ぶ)・みこと
1282,損,6,手,손,"손해, 손상하다, 해치다",ソン,そこ(なう)・そこ(ねる)・へ(る)
1283,遜,2,辵,손,겸손하다,ソン,へりくだ(る)・ゆず(る)・のが(れる)
1284,他,8,人,타,다른 것,タ,ほか
1285,多,9,夕,다,많다,タ,おお(い)
1286,汰,2,水,태,일다,タ・タイ,よな(げる)・にご(る)・おご(る)
1287,打,8,手,타,때리다,ダ・チョウ・テイ,う(つ)・ぶ(つ)・ダース
1288,妥,2.5,女,타,타당,ダ・タ,やす(らか)・おだ(やか)
1289,唾,2,口,타,침착하다,ダ・タ,つば
1290,堕,2.5,土,타,떨어지다,ダ,お(ちる)・こぼ(つ)
1291,惰,2.5,心,타,게으르다,ダ・タ,おこた(る)
1292,駄,2.5,馬,태,헛됨,ダ・タ,の(せる)
1293,太,9,大,태,"굵다, 살찌다",タイ・タ・ダイ,ふと(い)・ふと(る)・はなは(だ)
1294,対,8,寸,대,대하다,タイ・ツイ,む(かう)・つれあい・こた(える)・そろ(い)
1295,体,9,人,체,몸,タイ・テイ,からだ
1296,耐,4,而,내,견디다,タイ,た(える)
1297,待,8,彳,대,기다리다,タイ,ま(つ)
1298,怠,3,心,태,"게으르다, 나른하다",タイ,おこた(る)・なま(ける)・だる(い)
1299,胎,3,肉,태,아이배다,タイ,はら(む)
1300,退,5,辵,퇴,"물러나다, 물리치다",タイ,しりぞ(く)・しりぞ(ける)・の(く)・の(ける)・すさ(る)・しさ(る)・ひ(く)
1301,帯,7,巾,대,"띠, 차다",タイ,お(びる)・おび
1302,泰,2.5,水,태,태연하다,タイ,やす(い)・やす(らか)・おご(る)
1303,堆,2,土,퇴,쌓이다,タイ・ツイ,うずたか(い)
1304,袋,3,衣,대,주머니,タイ・テイ,ふくろ
1305,逮,3,辵,체,잡다,タイ,およ(ぶ)・とら(える)
1306,替,4,曰,체,바꾸다,タイ・テイ,か(える)・か(わる)
1307,貸,6,貝,대,빌려주다,タイ,か(す)
1308,隊,7,阜,대,무리,タイ・ツイ,くみ・お(ちる)
1309,滞,3,水,체,"밀리다, 막히다, 머무르다",タイ,とどこお(る)
1310,態,6,心,태,모습,タイ・テイ,さま・わざ(と)
1311,戴,2,戈,대,이다,タイ,いただ(く)
1312,大,10,大,대,크다,ダイ・タイ・タ・ダ,おお・おお(きい)・おお(いに)
1313,代,8,人,대,대신하다,ダイ・タイ,か(わる)・か(える)・よ・しろ
1314,台,9,口,"대, 태","대, 태",ダイ・タイ,うてな・しもべ
1315,第,8,竹,제,차례,ダイ・テイ,つい(で)・やしき
1316,題,8,頁,제,제목,ダイ・テイ,無し
1317,滝,3,水,롱,적시다,ロウ,たき
1318,宅,5,宀,"댁, 택",집,タク,いえ・やけ
1319,択,3,手,택,고르다,タク,えら(ぶ)・よ(る)
1320,沢,4,水,택,"못, 빛나다",タク,さわ・うるお(う)・つや
1321,卓,3,十,탁,책상,タク・シツ,つくえ・すぐ(れる)
1322,拓,4,手,"척, 탁",넓히다,タク,ひら(く)
1323,託,3,言,탁,"부탁, 한탄하다",タク,ことづ(かる)・かこつ(ける)・かこ(つ)
1324,濯,2.5,水,탁,씻다,タク,あら(う)・すす(ぐ)
1325,諾,3,言,낙,받아들이다,ダク,うべな(う)
1326,濁,4,水,탁,흐리다,ダク・ジョク,にご(る)・にご(す)
1327,但,2.5,人,단,다만,タン・ダン,ただ(し)・ただ
1328,達,7,辵,달,"통달, 여럿",タツ・ダチ・タチ,とお(る)・とど(く)・たち・たし
1329,脱,4,肉,탈,벗다,ダツ・タツ,ぬ(ぐ)・ぬ(げる)
1330,奪,3,大,탈,빼앗다,ダツ・タツ,うば(う)
1331,棚,2.5,木,붕,선반,ホウ,たな
1332,誰,2,言,수,누구,スイ,だれ・たれ・た
1333,丹,4,丶,단,성심,タン,に・あか・まごころ
1334,旦,2,日,단,아침,タン・ダン,あした
1335,担,5,手,담,"메다, 짊어지다, 맡다",タン,かつ(ぐ)・にな(う)
1336,単,7,ツ,단,홑,タン・ゼン,ひと(つ)・ひとえ
1337,炭,8,火,탄,숯,タン,すみ
1338,胆,3,肉,담,쓸개,タン・トウ,きも
1339,探,5,手,탐,"찾다, 살피다",タン,さぐ(る)・さが(す)
1340,淡,4,水,담,"연하다, 담담함",タン,あわ(い)・うす(い)
1341,短,8,矢,단,짧다,タン,みじか(い)
1342,嘆,4,口,탄,한탄하다,タン,なげ(く)・なげ(かわしい)
1343,端,4,立,단,끝,タン,はし・は・はた・ただ(しい)・はな・はじ(め)・はした
1344,綻,2,糸,탄,터지다,タン,ほころ(びる)
1345,誕,5,言,탄,탄생,タン,う(まれる)・いつわ(る)・ほしいまま
1346,鍛,3,金,단,단련하다,タン,きた(える)
1347,団,6,囗,단,단체,ダン・トン・タン,まる(い)・かたまり
1348,男,10,田,남,남자,ダン・ナン,おとこ・おのこ
1349,段,5,殳,단,층계,ダン・タン,きざはし
1350,断,6,斤,단,"끊다, 거절하다",ダン,た(つ)・ことわ(る)・さだ(める)
1351,弾,4,弓,탄,"탄알, 연주하다, 튀다",ダン,ひ(く)・はず(む)・たま・はじ(く)・はじ(ける)・はず(み)・ただ(す)
1352,暖,5,日,난,따뜻하다,ダン・ノン,あたた(か)・あたた(かい)・あたた(まる)・あたた(める)
1353,談,8,言,담,말씀,ダン・タン,かた(る)
1354,壇,3,土,단,단,ダン・タン,無し
1355,地,9,土,지,땅,チ・ジ,つち・ところ
1356,池,9,水,지,연못,チ,いけ
1357,知,9,矢,지,알다,チ,し(る)・し(らせる)
1358,値,5,人,치,가치가 있다,チ・チョク,ね・あたい・あ(う)
1359,恥,4,心,치,부끄럽다,チ,は(じる)・はじ・は(じらう)・は(ずかしい)
1360,致,4,至,치,이르게 하다,チ,いた(す)
1361,遅,4,辵,지,늦다,チ,おく(れる)・おく(らす)・おそ(い)
1362,痴,2.5,疒,치,어리석다,チ,おろ(か)・し(れる)・おこ
1363,稚,3,禾,치,어리다,チ,わか(い)・いとけな(い)
1364,置,7,网,치,놓다,チ,お(く)
1365,緻,2,糸,치,빽빽하다,チ,こま(かい)
1366,竹,10,竹,죽,대나무,チク,たけ
1367,畜,3,田,축,짐승,チク・キク,やしな(う)・か(う)・たくわ(える)
1368,逐,2.5,辵,축,차례로,チク・ジク,お(う)
1369,蓄,4,艸,축,"비축하다, 모으다",チク,たくわ(える)
1370,築,6,竹,축,쌓다,チク,きず(く)・つ(く)
1371,秩,2.5,禾,질,질서,チツ,つい(で)・ふち
1372,窒,3,穴,질,막히다,チツ,ふさ(がる)
1373,茶,9,艸,"다, 차",차,チャ・サ,無し
1374,着,8,羊,착,"옷, 입다, 도착하다",チャク・ジャク,き(る)・き(せる)・つ(く)・つ(ける)
1375,嫡,2.5,女,적,정실,チャク・テキ,よつぎ
1376,中,10,丨,중,"가운데, 안",チュウ・ジュウ,なか・あ(たる)・あ(てる)
1377,仲,7,人,중,사이,チュウ,なか
1378,虫,10,虫,충,벌레,チュウ,むし
1379,沖,7,水,충,먼바다,チュウ,おき・と(ぶ)・むな(しい)
1380,宙,5,宀,주,집,チュウ,そら
1381,忠,5,心,충,충성,チュウ,まごころ
1382,抽,3,手,추,뽑다,チュウ,ひ(く)・ぬ(く)
1383,注,8,水,주,"쏟다, 붓다, 따르다",チュウ,そそ(ぐ)・つ(ぐ)・さ(す)
1384,昼,9,日,주,낮,チュウ,ひる
1385,柱,8,木,주,기둥,チュウ,はしら
1386,衷,2.5,衣,충,속마음,チュウ,うち・こころ・まこと
1387,酎,2,酉,주,술,チュウ,無し
1388,鋳,3,金,주,주조하다,チュウ・シュ,い(る)
1389,駐,3,馬,주,머무르다,チュウ・チュ,とど(まる)
1390,著,5,艸,저,"저술하다, 두드러지다",チョ・チャク・ジャク,あらわ(す)・いちじる(しい)・き(る)・つ(く)
1391,貯,6,貝,저,쌓다,チョ,たくわ(える)
1392,丁,8,一,정,정중함,チョウ・テイ・トウ,ひのと・あ(たる)
1393,弔,2.5,弓,조,문상하다,チョウ,とむら(う)
1394,庁,5,广,청,관청,チョウ・テイ,無し
1395,兆,7,儿,조,"1,000,000,000,000, 징조, 싹트다",チョウ・ジョウ,きざ(す)・きざ(し)・うらな(い)
1396,町,10,田,정,마을,チョウ・テイ,まち・あぜみち
1397,長,9,長,장,"길다, 윗 사람",チョウ・ジョウ,なが(い)・た(ける)・おさ
1398,挑,2.5,手,도,도전하다,チョウ,いど(む)
1399,帳,8,巾,장,수첩,チョウ,とばり
1400,張,6,弓,장,"뻗다, 팽팽해지다",チョウ,は(る)
1401,彫,3,彡,조,새기다,チョウ,ほ(る)
1402,眺,2.5,目,조,바라보다,チョウ,なが(める)
1403,釣,2.5,金,조,낚다,チョウ,つ(る)
1404,頂,5,頁,정,"받다, 모시다, 꼭대기",チョウ・テイ,いただ(く)・いただき
1405,鳥,9,鳥,조,새,チョウ,とり
1406,朝,9,月,조,아침,チョウ,あさ・あした
1407,貼,2,貝,첩,바르다,チョウ・テン,は(る)・つ(ける)
1408,超,3,走,초,넘다,チョウ,こ(える)・こ(す)
1409,腸,5,肉,장,창자,チョウ,はらわた・わた
1410,跳,4,足,도,뛰다,チョウ,は(ねる)・と(ぶ)・おど(る)
1411,徴,4,彳,징,부르다,チョウ・チ,しるし・め(す)
1412,嘲,2,口,조,비웃다,チョウ・トウ,あざけ(る)・からか(う)
1413,潮,5,水,조,바닷물,チョウ,しお・うしお
1414,澄,4,水,징,맑다,チョウ,す(む)・す(ます)
1415,調,8,言,조,"조사하다, 찾다, 성립되다, 갖추다",チョウ,しら(べる)・ととの(う)・ととの(える)・やわら(ぐ)・あざけ(る)・みつぎ
1416,聴,3,耳,청,듣다,チョウ・テイ,き(く)・ゆる(す)
1417,懲,2.5,心,징,"질리다, 벌주다",チョウ,こ(りる)・こ(らす)・こ(らしめる)
1418,直,9,目,직,"곧다, 즉시, 고치다",チョク・ジキ・チ,ただ(ちに)・なお(す)・なお(る)・じか・すぐ・あたい・ひた
1419,勅,2.5,力,칙,칙명,チョク,みことのり
1420,捗,2,手,척,진척,チョク,はかど(る)
1421,沈,4,水,침,"가라앉다, 지다",チン・ジン,しず(む)・しず(める)
1422,珍,4,玉,진,드물다,チン,めずら(しい)
1423,朕,2.5,月,짐,나,チン,われ・きざ(し)
1424,陳,3,阜,진,진치다,チン・ジン,つら(ねる)・の(べる)・ひ(ねる)・ふる(い)
1425,賃,5,貝,임,품삯,チン・ジン,やと(う)
1426,鎮,3,金,진,진정하다,チン,しず(める)・しず(まる)・おさ(え)
1427,追,8,辵,추,쫓다,ツイ,お(う)
1428,椎,2,木,추,"망치, 등골",ツイ・スイ,しい・つち・せぼね・う(つ)
1429,墜,3,土,추,떨어지다,ツイ,お(ちる)
1430,通,9,辵,통,"지나가다, 뚫다, 다니다",ツウ・ツ,とお(る)・とお(す)・かよ(う)
1431,痛,5,疒,통,"아프다, 괴롭다",ツウ・トウ,いた(い)・いた(む)・いた(める)・いた(わしい)・や(める)
1432,塚,2.5,土,총,무덤,チョウ,つか
1433,漬,2.5,水,지,"담그다, 익다",シ,つ(ける)・つ(かる)
1434,坪,2.5,土,평,넓이,ヘイ,つぼ
1435,爪,2,爪,조,손톱,ソウ,つめ・つま
1436,鶴,2,鳥,학,학,カク,つる
1437,低,7,人,저,낮다,テイ,ひく(い)・ひく(める)・ひく(まる)・た(れる)
1438,呈,2.5,口,정,드리다,テイ,しめ(す)
1439,廷,2.5,廴,정,집,テイ,にわ
1440,弟,9,弓,제,남동생,テイ・ダイ・デ,おとうと
1441,定,8,宀,정,"정하다, 확실함",テイ・ジョウ,さだ(める)・さだ(まる)・さだ(か)・き(まる)
1442,底,7,广,저,"밑, 바닥",テイ,そこ
1443,抵,4,手,저,막다,テイ・シ,あ(たる)・ふ(れる)・う(つ)
1444,邸,2.5,邑,저,집,テイ,やしき
1445,亭,2.5,亠,정,정자,テイ・チン,あずまや
1446,貞,2.5,貝,정,곧다,テイ・ジョウ,ただ(しい)
1447,帝,3,巾,제,임금,テイ・タイ,みかど
1448,訂,3,言,정,바로잡다,テイ,ただ(す)・さだ(める)
1449,庭,8,广,정,정원,テイ,にわ
1450,逓,2.5,辵,체,갈리다,テイ,か(わる)・たが(いに)
1451,停,6,人,정,머무르다,テイ,と(まる)・とど(まる)
1452,偵,2.5,人,정,조사하다,テイ,うかが(う)
1453,堤,4,土,제,둑,テイ,つつみ
1454,提,6,手,제,"제공, 들다",テイ・ダイ・チョウ,さ(げる)・ひっさ(げる)・ひさげ
1455,程,6,禾,정,정도,テイ,ほど・のり
1456,艇,2.5,舟,정,배,テイ,こぶね
1457,締,3,糸,체,"맺다, 죄이다",テイ,し(まる)・し(める)・むす(ぶ)
1458,諦,2,言,체,포기하다,テイ・タイ,あきら(める)・つまび(らか)・まこと
1459,泥,2.5,水,니,진흙,デイ,どろ・なず(む)
1460,的,7,白,적,"목표, 적",テキ,まと・あき(らか)
1461,笛,8,竹,적,피리,テキ・ジャク,ふえ
1462,摘,4,手,적,"따다, 뜯다, 골라내다",テキ,つ(む)・つま(む)
1463,滴,4,水,적,물방울,テキ,しずく・したた(る)・た(れる)
1464,適,6,辵,적,맞다,テキ・セキ,かな(う)・ゆ(く)・たまたま
1465,敵,5,攵,적,"적, 원수",テキ,かたき・あだ・かな(う)
1466,溺,2,水,닉,빠지다,デキ・ニョウ・ジョウ,おぼ(れる)・ゆばり・いばり
1467,迭,2.5,辵,질,경질,テツ,か(わる)・たが(いに)
1468,哲,3,口,철,철학,テツ,あき(らか)・さと(い)
1469,鉄,8,金,철,철,テツ,くろがね・かね
1470,徹,2.5,彳,철,통하다,テツ,とお(る)
1471,撤,2.5,手,철,거두다,テツ,す(てる)
1472,天,10,大,천,하늘,テン,あめ・あま・そら
1473,典,7,八,전,법,テン,ふみ・のり
1474,店,9,广,점,가게,テン,みせ・たな
1475,点,9,火,점,점,テン,つ(ける)・とぼ(る)・とも(る)・た(てる)
1476,展,5,尸,전,펴다,テン,の(べる)・ひろ(げる)・つら(ねる)
1477,添,4,水,첨,"곁들이다, 따르다",テン,そ(える)・そ(う)
1478,転,8,車,전,"구르다, 넘어지다",テン,ころ(がる)・ころ(げる)・ころ(がす)・ころ(ぶ)・こ(ける)・まろ(ぶ)・うつ(る)・うた(た)・くるり
1479,填,2,土,전,메우다,テン,ふさ(ぐ)・ふさ(がる)・うず(める)・うず(まる)・は(める)
1480,田,10,田,전,밭,デン,た・か(る)・か(り)
1481,伝,7,人,전,전하다,デン,つた(わる)・つた(える)・つた(う)・つて
1482,殿,4,殳,전,높임말,デン・テン,との・どの・しんがり
1483,電,9,雨,전,"번개, 전기",デン・テン,いなずま
1484,斗,3,斗,두,말,ト・トウ,ます・ひしゃく
1485,吐,4,口,토,뱉다,ト,は(く)・つ(く)・ぬ(かす)
1486,妬,2,女,투,"질투, 시샘하다",ト,ねた(む)・そね(む)・や(く)
1487,徒,7,彳,도,무리,ト・ズ,かち・いたずら(に)・むだ・あだ・ともがら・ただ
1488,途,4,辵,도,길,ト・ズ,みち
1489,都,8,邑,도,수도,ト・ツ,みやこ・すべ(て)
1490,渡,4,水,도,"건너다, 건네다",ト,わた(る)・わた(す)
1491,塗,3,土,도,칠하다,ト,ぬ(る)・どろ・まみ(れる)・まぶ(す)・みち
1492,賭,2,貝,도,"내기, 걸다",ト,か(ける)・かけ
1493,土,10,土,토,흙,ド・ト,つち
1494,奴,4,女,노,"하인, 녀석",ド・ヌ,やっこ・やつ
1495,努,7,力,노,노력하다,ド,つと(める)・ゆめ
1496,度,8,广,도,"때, 정도",ド・ト・タク,たび・のり・めもり・わた(る)・はか(る)
1497,怒,4,心,노,화내다,ド・ヌ,いか(る)・おこ(る)
1498,刀,9,刀,도,칼,トウ,かたな
1499,冬,9,冫,동,겨울,トウ,ふゆ
1500,灯,7,火,등,"등불, 비추다",トウ・ドン・チン・チョウ・テイ,ひ・ともしび・あかり・あかし・とも(す)・とぼ(す)・ともし・とぼし
1501,当,9,小,당,"맞다, 맞히다",トウ,あ(たる)・あ(てる)・まさ(に…べし)
1502,投,8,手,투,던지다,トウ,な(げる)
1503,豆,8,豆,두,콩,トウ・ズ,まめ・たかつき
1504,東,9,木,동,동쪽,トウ,ひがし・あずま
1505,到,4,刀,도,이르다,トウ,いた(る)
1506,逃,4,辵,도,"도망치다, 놓아주다",トウ,に(げる)・に(がす)・のが(す)・のが(れる)
1507,倒,4,人,도,넘어지다,トウ,たお(れる)・たお(す)・さかさま・こ(ける)
1508,凍,3,冫,동,얼다,トウ,こお(る)・こご(える)・い(てる)・し(みる)
1509,唐,4,口,당,"당나라, 당황",トウ,から・もろこし
1510,島,8,山,도,섬,トウ,しま
1511,桃,4,木,도,"복숭아, 분홍",トウ,もも
1512,討,5,言,토,"토의, 토벌하다",トウ,う(つ)・たず(ねる)
1513,透,4,辵,투,"틈이 생기다, 비치다",トウ,す(く)・す(かす)・す(ける)・とお(る)
1514,党,5,儿,당,무리,トウ,なかま・むら
1515,悼,2.5,心,도,애도하다,トウ,いた(む)
1516,盗,4,皿,도,훔치다,トウ,ぬす(む)・と(る)
1517,陶,3,阜,도,흙,トウ・ヨウ,すえ
1518,塔,4,土,탑,탑,トウ,無し
1519,搭,2.5,手,탑,타다,トウ,の(る)・の(せる)
1520,棟,2.5,木,동,용마루,トウ,むね・むな・かしら
1521,湯,8,水,탕,뜨거운 물,トウ・ショウ,ゆ
1522,痘,3,疒,두,병,トウ,もがさ
1523,登,8,癶,등,"오르다, 올라가다",トウ・ト,のぼ(る)
1524,答,9,竹,답,"대답, 대답하다",トウ,こた(える)・こた(え)
1525,等,8,竹,등,"같다, 동등하다",トウ,ひと(しい)・ら・など
1526,筒,2.5,竹,통,통,トウ,つつ
1527,統,6,糸,통,총괄하다,トウ,す(べる)・おさ(める)・すじ
1528,稲,4,禾,도,벼,トウ,いね・いな
1529,踏,4,足,답,밟다,トウ,ふ(む)・ふ(まえる)
1530,糖,5,米,당,엿,トウ,あめ
1531,頭,9,頁,두,머리,トウ・ズ・ト・ジュウ,あたま・かしら・こうべ・かぶり・ほとり
1532,謄,2.5,言,등,베끼다,トウ,うつ(す)
1533,藤,2,艸,등,등나무,トウ,ふじ
1534,闘,4,門,투,싸우다,トウ,たたか(う)
1535,騰,2.5,馬,등,오르다,トウ,あ(がる)・のぼ(る)
1536,同,9,口,동,같음,ドウ・トウ,おな(じ)・とも(に)
1537,洞,2.5,水,"동, 통",동굴,ドウ・トウ,ほら・うろ・つらぬ(く)・ふか(い)・うつろ
1538,胴,4,肉,동,몸통,ドウ・トウ,無し
1539,動,8,力,동,움직이다,ドウ・トウ,うご(く)・うご(かす)・やや(もすれば)
1540,堂,6,土,당,집,ドウ・トウ,たかどの
1541,童,8,立,동,아이,ドウ・トウ,わらべ・わらわ
1542,道,9,辵,도,길,ドウ・トウ,みち・い(う)
1543,働,7,人,동,일하다,ドウ,はたら(く)
1544,銅,6,金,동,구리,ドウ,あかがね
1545,導,6,寸,도,안내하다,ドウ,みちび(く)・しるべ
1546,瞳,2,目,동,눈동자,ドウ・トウ,ひとみ
1547,峠,4,山,상,고개,無し,とうげ
1548,匿,3,匸,닉,숨기다,トク・ジョク,かく(れる)・かくま(う)
1549,特,7,牛,특,특별,トク・ドク,おうし・とりわ(け)・ひと(り)・ひと(つ)
1550,得,6,彳,득,"얻다, 할 수 있다",トク,え(る)・う(る)
1551,督,2.5,目,독,감독,トク,み(る)・ただ(す)・ひき(いる)・うなが(す)・かしら
1552,徳,7,彳,덕,덕,トク,無し
1553,篤,3,竹,독,두터이 하다,トク,あつ(い)
1554,毒,6,毋,독,독,ドク,そこ(なう)・わる(い)
1555,独,6,犬,독,혼자,ドク・トク,ひと(り)
1556,読,9,言,독,읽다,ドク・トク・トウ,よ(む)
1557,栃,7,木,회,상수리나무,無し,とち
1558,凸,2.5,凵,철,볼록하다,トツ,でこ
1559,突,4,穴,돌,찌르다,トツ,つ(く)
1560,届,5,尸,계,"닿다, 보내다",カイ,とど(ける)・とど(く)
1561,屯,2.5,屮,둔,두다,トン・チュン,たむろ・なや(む)
1562,豚,3,豕,돈,돼지,トン,ぶた
1563,頓,2,頁,돈,조아리다,トン・トツ,ぬか(ずく)・とど(まる)・つまず(く)・くる(しむ)・つか(れる)・とみ(に)・ひたぶる
1564,貪,2,貝,탐,탐하다,ドン・タン,むさぼ(る)
1565,鈍,4,金,둔,둔하다,ドン・トン,にぶ(い)・にぶ(る)・なま(る)・にび・のろ(い)
1566,曇,4,日,담,흐리다,ドン・タン,くも(る)
1567,丼,2,丶,정,덮밥,タン・トン,どんぶり・どん
1568,那,2,邑,나,어찌,ナ・ダ,なん(ぞ)・いかん(ぞ)・なに
1569,奈,7,大,나,어찌,ナ・ナイ・ダイ,いかん・いかん(ぞ)・なん(ぞ)
1570,内,9,入,내,안,ナイ・ダイ・ノウ・ドウ,うち・い(る)
1571,梨,7,木,리,배,リ,なし
1572,謎,2,言,미,수수께끼,メイ・ベイ,なぞ
1573,鍋,2,金,과,냄비,カ,なべ
1574,南,9,十,남,남쪽,ナン・ナ・ダン,みなみ
1575,軟,2.5,車,연,"유연하다, 부드럽다",ナン・ゼン・ネン,やわ(らか)・やわ(らかい)
1576,難,5,隹,난,어렵다,ナン・ダン,かた(い)・むずか(しい)・にく(い)
1577,二,10,二,이,"2, 둘",ニ・ジ,ふた・ふた(つ)
1578,尼,2.5,尸,니,여승,ニ・ジ,あま
1579,弐,4,弋,이,2,ニ・ジ,ふた・ふた(つ)
1580,匂,2,勹,내,냄새,無し,にお(う)
1581,肉,9,肉,육,고기,ニク・ジク,しし
1582,虹,2,虫,홍,무지개,コウ,にじ
1583,日,10,日,일,날,ニチ・ジツ,ひ・か
1584,入,10,入,입,"들어가다, 넣다",ニュウ・ジュウ・ジュ,い(る)・い(れる)・はい(る)・しお
1585,乳,5,乙,유,젖,ニュウ・ジュ・ニュ,ちち・ち
1586,尿,3,尸,뇨,오줌,ニョウ,いばり・ゆばり・しと
1587,任,6,人,임,맡기다,ニン・ジン,まか(せる)・まか(す)
1588,妊,2.5,女,임,임신,ニン・ジン,はら(む)・みごも(る)
1589,忍,2.5,心,인,"참다, 숨다",ニン・ジン,しの(ぶ)・しの(ばせる)・むご(い)
1590,認,5,言,인,인정하다,ニン・ジン,みと(める)・したた(める)
1591,寧,2.5,宀,녕,"편안, 오히려",ネイ・デイ・ニョウ,やす(い)・ねんご(ろ)・むし(ろ)・なん(ぞ)・いずく(んぞ)
1592,熱,7,火,열,"열, 뜨겁다",ネツ,あつ(い)・ほて(る)・いき(る)・ほとぼり
1593,年,10,干,년,"해, 나이",ネン,とし・とせ
1594,念,7,心,념,생각,ネン,おも(う)
1595,捻,2,手,념,"삐다, 비틀다",ネン・デン,ねじ(る)・ひね(る)
1596,粘,3,米,점,달라붙다,ネン・デン,ねば(る)
1597,燃,6,火,연,"타다, 불태우다",ネン・ゼン,も(える)・も(やす)・も(す)
1598,悩,4,心,뇌,"고민, 괴롭다",ノウ・ドウ,なや(む)・なや(ます)
1599,納,5,糸,납,들이다,ノウ・ナッ・ナ・ナン・トウ,おさ(める)・おさ(まる)・い(れる)
1600,能,6,肉,능,능력,ノウ,あた(う)・よ(く)・よ(くする)・はたら(き)
1601,脳,5,肉,뇌,뇌,ノウ・ドウ,無し
1602,農,8,辰,농,농사,ノウ・ドウ,たがや(す)
1603,濃,4,水,농,"짙다, 진하다",ノウ・ジョウ,こ(い)・こま(やか)
1604,把,2.5,手,파,잡다,ハ,と(る)・にぎ(る)
1605,波,8,水,파,"파도, 물결",ハ,なみ
1606,派,5,水,파,갈래,ハ・ハイ,わ(かれる)・つか(わす)
1607,破,6,石,파,"찢다, 부수다, 깨다",ハ,やぶ(る)・やぶ(れる)・わ(れる)
1608,覇,2.5,襾,패,으뜸,ハ,はたがしら
1609,馬,9,馬,마,말,バ・メ・マ,うま・ま
1610,婆,3,女,파,할머니,バ,ばば
1611,罵,2,网,매,욕하다,バ,ののし(る)
1612,拝,5,手,배,절하다,ハイ,おが(む)
1613,杯,4,木,배,술잔,ハイ,さかずき
1614,背,5,肉,배,"키, 등, 돌리다",ハイ,せ・せい・そむ(く)・そむ(ける)・うしろ
1615,肺,5,肉,폐,폐,ハイ,無し
1616,俳,5,人,배,배우,ハイ,わざおぎ・たわむ(れ)
1617,配,8,酉,배,"나누다, 알다",ハイ,くば(る)・なら(ぶ)・つれあい・なが(す)
1618,排,3,手,배,빼다,ハイ,おしの(ける)・つら(ねる)
1619,敗,7,攵,패,패배하다,ハイ,やぶ(れる)・やぶ(る)
1620,廃,2.5,广,폐,"쓸모없게 되다, 손상되다, 버리다",ハイ,すた(れる)・すた(る)・や(める)
1621,輩,4,車,배,무리,ハイ,ともがら・やから
1622,売,9,士,매,팔다,バイ,う(る)・う(れる)
1623,倍,8,人,배,곱,バイ・ハイ,ま(す)・そむ(く)
1624,梅,7,木,매,매화,バイ,うめ
1625,培,2.5,土,배,배양하다,バイ・ホウ・ハイ,つちか(う)・おか
1626,陪,3,阜,배,모시다,バイ,したが(う)
1627,媒,2.5,女,매,매개,バイ,なかだち
1628,買,9,貝,매,사다,バイ,か(う)
1629,賠,2.5,貝,배,배상하다,バイ,つぐな(う)
1630,白,10,白,백,하양,ハク・ビャク,しろ・しら・しろ(い)・あき(らか)・もう(す)・せりふ
1631,伯,2.5,人,백,맏,ハク・ハ,はたがしら・かしら・おさ
1632,拍,4,手,박,박자,ハク・ヒョウ,う(つ)
1633,泊,4,水,박,숙박하다,ハク,と(まる)・と(める)
1634,迫,4,辵,박,다가오다,ハク,せま(る)・せ(る)
1635,剥,2,刀,박,"벗기다, 까다",ハク・ホク,は(がす)・は(ぐ)・は(がれる)・は(げる)・む(く)・と(る)
1636,舶,2.5,舟,박,배,ハク,おおぶね
1637,博,7,十,박,넓음,ハク・バク,ひろ(い)
1638,薄,4,艸,박,"얇다, 연하다",ハク,うす(い)・うす(める)・うす(まる)・うす(らぐ)・うす(れる)・せま(る)・すすき
1639,麦,9,麦,맥,보리,バク,むぎ
1640,漠,2.5,水,막,넓다,バク・マク,すなはら・ひろ(い)
1641,縛,3,糸,박,묶다,バク・ハク,しば(る)・いまし(める)
1642,爆,4,火,폭,터지다,バク・ハク・ホウ,は(ぜる)・さ(ける)
1643,箱,8,竹,상,상자,ショウ・ソウ,はこ
1644,箸,2,竹,저,젓가락,チョ,はし
1645,畑,8,田,전,밭,無し,はた・はたけ
1646,肌,2.5,肉,기,피부,キ,はだ・はだえ
1647,八,10,八,팔,"8, 여덟",ハチ,や・や(つ)・やっ(つ)・よう
1648,鉢,2.5,金,발,화분,ハチ・ハツ,無し
1649,発,8,癶,발,피다,ハツ・ホツ,はな(つ)・た(つ)・ひら(く)・あば(く)
1650,髪,4,髟,발,머리카락,ハツ・ホツ,かみ
1651,伐,3,人,벌,토벌하다,バツ・ハツ,き(る)・う(つ)・ほこ(る)
1652,抜,4,手,발,"뽑다, 빠지다, 실수하다",バツ,ぬ(く)・ぬ(ける)・ぬ(かす)・ぬ(かる)
1653,罰,4,网,벌,벌,バツ・バチ・ハツ,無し
1654,閥,2.5,門,벌,파벌,バツ・ハツ,いえがら・いさお
1655,反,8,又,반,"반대, 뒤집히다",ハン・ホン・タン,そ(る)・そ(らす)・かえ(る)・かえ(す)・そむ(く)
1656,半,9,十,반,절반,ハン,なか(ば)
1657,氾,2,水,범,넘치다,ハン,ひろ(がる)・あふ(れる)
1658,犯,6,犬,범,어기다,ハン・ボン,おか(す)
1659,帆,3,巾,범,돛,ハン,ほ
1660,汎,2,水,범,넓다,ハン・フウ・ホウ,ひろ(い)・う(かぶ)・あふ(れる)
1661,伴,3,人,반,따라가다,ハン・バン,ともな(う)・とも
1662,判,6,刀,판,판단,ハン・バン・ホウ,わ(ける)・わか(る)
1663,坂,8,土,판,고개,ハン・バン,さか
1664,阪,7,阜,판,"언덕, 비탈",ハン,さか
1665,板,8,木,판,판자,ハン・バン,いた
1666,版,6,片,판,판목,ハン,ふだ・いた
1667,班,5,玉,반,반,ハン,わ(ける)・かえ(す)
1668,畔,3,田,반,물가,ハン,ほとり・あぜ・くろ・そむ(く)
1669,般,4,舟,반,일반,ハン,たぐい・めぐ(る)
1670,販,4,貝,판,팔다,ハン,あきな(う)・ひさ(ぐ)
1671,斑,2,文,반,얼룩,ハン,まだら・ふ・ぶち
1672,飯,7,食,반,밥,ハン,めし・いい・まま
1673,搬,4,手,반,옮기다,ハン,はこ(ぶ)
1674,煩,2.5,火,번,"괴로워하다, 괴롭히다, 귀찮다",ハン・ボン,わずら(う)・わずら(わす)・うるさ(い)
1675,頒,2.5,頁,반,나누다,ハン,わ(ける)・し(く)・まだら
1676,範,4,竹,범,"법, 본보기",ハン,のり・いがた
1677,繁,4,糸,번,"번성하다, 우거지다",ハン,しげ(る)・わずら(わしい)
1678,藩,3,艸,번,울타리,ハン,まがき
1679,晩,5,日,만,밤,バン,く(れ)・おそ(い)
1680,番,9,田,번,차례,バン・ハン・ハ,つが(い)・つが(う)・つが(える)
1681,蛮,3,虫,만,오랑캐,バン,えびす
1682,盤,4,皿,반,소반,バン・ハン,おおざら・ま(がる)・わだかま(る)・めぐ(る)
1683,比,6,比,비,비교하다,ヒ,くら(べる)・なら(ぶ)・たぐい・ころ
1684,皮,8,皮,피,가죽,ヒ,かわ
1685,妃,2.5,女,비,왕비,ヒ,きさき
1686,否,5,口,부,아니다,ヒ・フ,いな・いや・わる(い)
1687,批,5,手,비,비평하다,ヒ,う(つ)・ただ(す)
1688,彼,4,彳,피,"그, 그녀, 남자친구, 여자친구",ヒ,かれ・かの
1689,披,2.5,手,피,펼치다,ヒ,ひら(く)
1690,肥,6,肉,비,살찌다,ヒ,こ(える)・こえ・こ(やす)・こ(やし)・ふと(る)
1691,非,6,非,비,아니다,ヒ,わる(い)・そし(る)・あら(ず)
1692,卑,3,十,비,"미천하다, 경멸하다, 무시하다",ヒ,いや(しい)・いや(しむ)・いや(しめる)・ひく(い)
1693,飛,7,飛,비,날다,ヒ,と(ぶ)・と(ばす)
1694,疲,4,疒,피,지치다,ヒ,つか(れる)
1695,秘,5,禾,비,숨기다,ヒ,ひ(める)・かく(す)・ひそ(か)
1696,被,4,衣,피,"입다, 받다, 쓰다",ヒ,こうむ(る)・おお(う)・かぶ(る)・かぶ(せる)・かず(ける)
1697,悲,8,心,비,슬프다,ヒ,かな(しい)・かな(しむ)
1698,扉,2.5,戸,비,문,ヒ,とびら
1699,費,6,貝,비,"비용, 쓰다, 줄다",ヒ,つい(やす)・つい(える)
1700,碑,3,石,비,비석,ヒ,いしぶみ
1701,罷,2.5,网,파,마치다,ヒ,や(める)・つか(れる)・まか(る)
1702,避,4,辵,피,피하다,ヒ,さ(ける)・よ(ける)
1703,尾,4,尸,미,꼬리,ビ,お
1704,眉,2,目,미,눈썹,ビ・ミ,まゆ・ふち・としよ(り)
1705,美,8,羊,미,아름답다,ビ・ミ,うつく(しい)・よ(い)・ほ(める)
1706,備,6,人,비,"대비하다, 갖추다",ビ・ヒ,そな(える)・そな(わる)・つぶさ(に)
1707,微,4,彳,미,작다,ビ・ミ,かす(か)
1708,鼻,8,鼻,비,코,ビ,はな・はじ(め)
1709,膝,2,肉,슬,무릎,シツ,ひざ
1710,肘,2,肉,주,팔꿈치,チュウ,ひじ
1711,匹,4,匸,필,마리,ヒツ,ひき・たぐ(う)
1712,必,7,心,필,반드시,ヒツ,かなら(ず)
1713,泌,3,水,"필, 비",분비,ヒツ・ヒ,にじ(む)
1714,筆,8,竹,필,붓,ヒツ,ふで
1715,姫,3,女,희,공주,キ,ひめ
1716,百,10,白,백,100,ヒャク・ハク,もも
1717,氷,8,水,빙,얼음,ヒョウ,こおり・ひ・こお(る)
1718,表,8,衣,표,"겉, 나타나다",ヒョウ,おもて・あらわ(す)・あらわ(れる)・しるし
1719,俵,5,人,표,가마니,ヒョウ,たわら
1720,票,7,示,표,표,ヒョウ,ふだ
1721,評,6,言,평,평가하다,ヒョウ・ヘイ,はか(る)・あげつら(う)
1722,漂,3,水,표,떠다니다,ヒョウ,ただよ(う)・さら(す)
1723,標,7,木,표,표준,ヒョウ,しるし・しるべ・しめ・しる(す)・こずえ
1724,苗,3,艸,묘,모종,ビョウ・ミョウ,なえ・なわ・か(り)
1725,秒,8,禾,초,초,ビョウ,のぎ
1726,病,8,疒,병,병,ビョウ・ヘイ,や(む)・やまい
1727,描,4,手,묘,그리다,ビョウ,えが(く)・か(く)
1728,猫,2.5,犬,묘,고양이,ビョウ・ミョウ,ねこ
1729,品,8,口,품,물건,ヒン・ホン,しな
1730,浜,4,水,빈,물가,ヒン,はま
1731,貧,6,貝,빈,"가난하다, 적다",ヒン・ビン,まず(しい)
1732,賓,2.5,貝,빈,손님,ヒン,まろうど・したが(う)
1733,頻,2.5,頁,빈,자주,ヒン・ビン,しき(る)・しき(りに)
1734,敏,4,攵,민,민감하다,ビン,と(し)・さと(い)
1735,瓶,2.5,瓦,병,병,ビン・ヘイ,かめ
1736,不,7,一,"부, 불",아님,フ・ブ,…ず
1737,夫,7,大,부,남편,フ・フウ・ブ,おっと・おとこ・それ
1738,父,9,父,부,아빠,フ・ホ,ちち
1739,付,7,人,부,붙다,フ,つ(ける)・つ(く)・あた(える)
1740,布,6,巾,"포, 보",베,フ・ホ,ぬの・し(く)
1741,扶,2.5,手,부,돕다,フ,たす(ける)
1742,府,7,广,부,마을,フ,くら・みやこ
1743,怖,4,心,포,무섭다,フ,こわ(い)・おそ(れる)・お(じける)
1744,阜,7,阜,부,언덕,フ,おか・ゆた(か)
1745,附,2.5,阜,부,붙다,フ・ブ,つ(く)・つ(ける)
1746,訃,2,言,부,부고,フ,つ(げる)・し(らせ)
1747,負,8,貝,부,"지다, 짊어지다",フ・ブ・フウ,ま(ける)・ま(かす)・お(う)・たの(む)・そむ(く)
1748,赴,3,走,부,향하여 가다,フ,おもむ(く)・つ(げる)
1749,浮,4,水,부,뜨다,フ・フウ・ブ,う(く)・う(かれる)・う(かぶ)・う(かべる)
1750,婦,6,女,부,며느리,フ,おんな
1751,符,3,竹,부,부호,フ,わりふ
1752,富,7,宀,부,"재산, 풍부하다",フ・フウ,と(む)・とみ
1753,普,4,日,보,보통,フ,あまね(く)
1754,腐,4,肉,부,썩다,フ,くさ(る)・くさ(れる)・くさ(らす)・くさ(す)
1755,敷,4,攵,부,"깔다, 펴다",フ,し(く)
1756,膚,4,肉,부,"살갗, 피부",フ,はだ・はだえ
1757,賦,4,貝,부,부세,フ,みつぎ・わか(つ)
1758,譜,2.5,言,보,"족보, 악보",フ,しる(す)・つづ(く)
1759,侮,2.5,人,모,깔보다,ブ,あなど(る)
1760,武,6,止,무,무력,ブ・ム,たけ(し)・もののふ
1761,部,8,邑,부,부분,ブ・ホウ・ホ,わ(ける)・す(べる)・くみ・べ・つかさ
1762,舞,4,舛,무,춤추다,ブ・ム,ま(う)・まい・もてあそ(ぶ)
1763,封,3,寸,봉,봉하다,フウ・ホウ,と(じる)・さかい・ポンド
1764,風,9,風,풍,바람,フウ・フ,かぜ・かざ・ならわし・すがた・ふり
1765,伏,3,人,복,"숙이다, 숨기다",フク・ブク,ふ(せる)・ふ(す)・かく(れる)・したが(う)
1766,服,8,月,복,옷,フク,きもの・き(る)・したが(う)・の(む)
1767,副,7,刀,부,버금,フク・フウ,そ(う)
1768,幅,4,巾,폭,폭,フク,はば
1769,復,6,彳,"복, 부",회복하다,フク,かえ(る)・かえ(す)・また・ふたた(び)
1770,福,8,示,복,복,フク,さいわ(い)
1771,腹,5,肉,복,배,フク,はら・こころ
1772,複,6,衣,복,여러,フク,かさ(ねる)
1773,覆,3,襾,복,"덮다, 가리다, 뒤엎다, 뒤집히다",フク・フ・フウ,おお(う)・くつがえ(す)・くつがえ(る)
1774,払,4,手,불,"지불하다, 없애다",フツ,はら(う)
1775,沸,2.5,水,"불, 비",끓다,フツ・ヒ,わ(く)・わ(かす)・た(てる)・にえ
1776,仏,6,人,불,부처,ブツ・フツ,ほとけ
1777,物,8,牛,물,물건,ブツ・モツ,もの
1778,粉,6,米,분,"가루, 데시미터",フン,こ・こな・デシメートル
1779,紛,3,糸,분,혼동되다,フン,まぎ(れる)・まぎ(らす)・まぎ(らわす)・まぎ(らわしい)・みだ(れる)・まが(う)・まぐ(れ)
1780,雰,2.5,雨,분,날리다,フン,きり
1781,噴,4,口,분,"뿜다, 솟아나다",フン・ホン,ふ(く)・は(く)
1782,墳,3,土,분,무덤,フン,はか
1783,憤,2.5,心,분,분하다,フン,いきどお(る)・むずか(る)
1784,奮,5,大,분,떨치다,フン,ふる(う)
1785,分,9,刀,분,"나누다, 알다",ブン・フン・ブ,わ(ける)・わ(かれる)・わ(かる)・わ(かつ)
1786,文,10,文,문,문서,ブン・モン,ふみ・あや・かざ(る)
1787,聞,9,耳,문,"듣다, 들리다",ブン・モン,き(く)・き(こえる)
1788,丙,2.5,一,병,세 번째,ヘイ,ひのえ
1789,平,8,干,평,평평함,ヘイ・ビョウ・ヒョウ,たい(ら)・ひら
1790,兵,7,八,병,병사,ヘイ・ヒョウ,つわもの・いくさ
1791,併,2.5,人,병,합치다,ヘイ,あわ(せる)・なら(ぶ)・しか(し)
1792,並,5,一,병,나열하다,ヘイ,なみ・なら(べる)・なら(ぶ)・なら(びに)
1793,柄,4,木,병,"몸집, 품위, 자루",ヘイ,がら・え・つか・いきお(い)
1794,陛,5,阜,폐,폐하,ヘイ,きざはし
1795,閉,5,門,폐,닫다,ヘイ,と(じる)・と(ざす)・し(める)・し(まる)・た(てる)
1796,塀,2.5,土,병,담,ヘイ,無し
1797,幣,2.5,巾,폐,화폐,ヘイ,ぜに・ぬさ・みてぐら
1798,弊,2.5,廾,폐,"폐단, 해지다",ヘイ,やぶ(れる)・つい(える)・つか(れる)
1799,蔽,2,艸,폐,덮다,ヘイ,おお(う)・おお(い)・さだ(める)・くら(い)
1800,餅,2,食,병,떡,ヘイ,もち
1801,米,9,米,미,"쌀, 미터",ベイ・マイ・メ,こめ・よね・メートル
1802,壁,4,土,벽,벽,ヘキ,かべ・がけ
1803,璧,2,玉,벽,"옥, 흠이 없음",ヘキ,たま
1804,癖,3,疒,벽,"버릇, 습관",ヘキ,くせ
1805,別,7,刀,별,"나눔, 헤어지다",ベツ・ベチ,わか(れる)・わ(ける)・わか(つ)
1806,蔑,2,艸,멸,깔보다,ベツ,さげす(む)・ないがし(ろ)・なみ(する)・くら(い)
1807,片,5,片,편,조각,ヘン,かた・きれ・ひら・ペンス
1808,辺,7,辵,변,근처,ヘン,あた(り)・べ・ほとり
1809,返,8,辵,반,"돌려주다, 돌아가다, 돌아오다",ヘン・ハン・ホン,かえ(す)・かえ(る)
1810,変,7,夂,변,"변하다, 바꾸다",ヘン,か(わる)・か(える)
1811,偏,2.5,人,편,"기울다, 치우치다, 오직",ヘン,かたよ(る)・ひとえ(に)
1812,遍,2.5,辵,편,두루,ヘン,あまね(く)
1813,編,6,糸,편,엮다,ヘン,あ(む)・とじいと・ふみ
1814,弁,6,廾,변,고깔,ベン,わきま(える)・わ(ける)・はなびら・と(く)・かた(る)
1815,便,7,人,편,"편함, 소식",ベン・ビン,たよ(り)・よすが・いばり・へつら(う)・すなわ(ち)
1816,勉,8,力,면,힘쓰다,ベン,つと(める)
1817,歩,9,止,보,걷다,ホ・ブ・フ,ある(く)・あゆ(む)
1818,保,6,人,보,지키다,ホ・ホウ,たも(つ)・も(つ)・やす(んじる)
1819,哺,2,口,포,먹이다,ホ,ふく(む)・はぐく(む)
1820,捕,4,手,포,잡다,ホ・ブ,と(らえる)・と(らわれる)・と(る)・つか(まえる)・つか(まる)
1821,補,5,衣,보,보충하다,ホ・フ,おぎな(う)・たす(ける)
1822,舗,4,舌,포,"펴다, 가게",ホ・フ,みせ・し(く)
1823,母,9,毋,모,엄마,ボ・モ・ボウ,はは
1824,募,3,力,모,"모으다, 뽑다",ボ・モ,つの(る)
1825,墓,6,土,묘,무덤,ボ,はか
1826,慕,3,心,모,그립다,ボ,した(う)・しの(ぶ)
1827,暮,5,日,모,"저물다, 살다",ボ,く(れる)・く(らす)
1828,簿,3,竹,부,문서,ボ・ホ,無し
1829,方,9,方,방,방향,ホウ,かた・かく・ただ(しい)・まさ(に)
1830,包,7,勹,포,포장하다,ホウ,つつ(む)・くる(む)
1831,芳,3,艸,방,향기롭다,ホウ,かんば(しい)・かお(り)・かぐわ(しい)
1832,邦,3,邑,방,나라,ホウ,くに
1833,奉,3,大,봉,"모시다, 받들다",ホウ・ブ,たてまつ(る)・まつ(る)・うけたまわ(る)
1834,宝,5,宀,보,보물,ホウ,たから
1835,抱,4,手,포,"안다, 감싸다",ホウ,だ(く)・いだ(く)・かか(える)
1836,放,8,攵,방,"놓다, 쏘다, 풀려나다, 방치하다",ホウ,はな(す)・はな(つ)・はな(れる)・ほう(る)・ゆる(す)・ほしいまま・まか(す)・さ(く)・ひ(る)・こ(く)
1837,法,7,水,법,법,ホウ・ハッ・ホッ,のり・のっと(る)・フラン
1838,泡,2.5,水,포,거품,ホウ,あわ・あぶく
1839,胞,3,肉,포,세포,ホウ,はら
1840,俸,2.5,人,봉,봉급,ホウ,ふち
1841,倣,3,人,방,흉내내다,ホウ,なら(う)
1842,峰,4,山,봉,봉우리,ホウ・フ,みね
1843,砲,4,石,포,대포,ホウ,つつ・おおづつ
1844,崩,3,山,붕,무너지다,ホウ,くず(れる)・くず(す)
1845,訪,5,言,방,방문하다,ホウ,おとず(れる)・たず(ねる)・と(う)・おとな(う)
1846,報,6,土,보,"보답하다, 보복하다",ホウ,むく(いる)・しら(せる)
1847,蜂,2,虫,봉,벌,ホウ,はち・むら(がる)
1848,豊,6,豆,풍,풍부함,ホウ,ゆた(か)・とよ
1849,飽,3,食,포,"배부르다, 질리다, 끝까지",ホウ,あ(きる)・あ(かす)
1850,褒,2.5,衣,포,"기리다, 칭찬하다",ホウ,ほ(める)
1851,縫,3,糸,봉,꿰매다,ホウ,ぬ(う)
1852,亡,5,亠,망,죽다,ボウ・モウ・ム・ブ,な(い)・ほろ(びる)・うしな(う)・に(げる)
1853,乏,3,丿,핍,부족하다,ボウ・ホウ,とぼ(しい)
1854,忙,4,心,망,바쁘다,ボウ・モウ,いそが(しい)・せわ(しい)
1855,坊,4,土,방,도련님,ボウ・ボッ・ホウ,まち・へや
1856,妨,3,女,방,방해하다,ボウ・ホウ,さまた(げる)
1857,忘,5,心,망,잊다,ボウ・モウ,わす(れる)
1858,防,6,阜,방,막다,ボウ・ホウ,ふせ(ぐ)・まも(る)
1859,房,3,戸,방,"송이, 방",ボウ・ホウ,ふさ・へや・いえ
1860,肪,4,肉,방,살찌다,ボウ・ホウ,あぶら
1861,某,3,木,모,아무,ボウ,それがし・なにがし
1862,冒,4,曰,모,무릅쓰다,ボウ・ボク・モウ,おか(す)・おお(う)・むさぼ(る)・ねた(む)
1863,剖,2.5,刀,부,쪼개다,ボウ・ホウ,わ(ける)・さ(く)
1864,紡,2.5,糸,방,실을 잣다,ボウ・ホウ,つむ(ぐ)
1865,望,7,月,망,"바라다, 바람직하다",ボウ・モウ,のぞ(む)・もち・うら(む)
1866,傍,4,人,방,곁,ボウ・ホウ,かたわ(ら)・そば・はた・わき・そ(う)
1867,帽,4,巾,모,모자,ボウ,無し
1868,棒,5,木,봉,막대,ボウ・ホウ,無し
1869,貿,6,貝,무,무역,ボウ,あきな(う)
1870,貌,2,豸,모,얼굴,ボウ,かたち
1871,暴,6,日,폭,"파헤치다, 난폭하다",ボウ・バク,あば(く)・あば(れる)・あら(い)・にわ(か)・あら(わす)・さら(す)
1872,膨,3,肉,팽,부풀다,ボウ・ホウ,ふく(らむ)・ふく(れる)・ふく(よか)
1873,謀,3,言,모,꾀하다,ボウ・ム,はか(る)・はかりごと
1874,頬,2,頁,협,뺨,キョウ,ほお
1875,北,9,匕,"북, 배","북쪽, 지다",ホク,きた・に(げる)・そむ(く)
1876,木,10,木,목,나무,ボク・モク,き・こ
1877,朴,2.5,木,박,순박,ボク・ハク,すなお・ほお
1878,牧,7,牛,목,목장,ボク・モク,まき・か(う)・やしな(う)・つかさ
1879,睦,2,目,목,화목하다,ボク・モク,むつ(まじい)・むつ(む)・むつ(ぶ)
1880,僕,2.5,人,복,"나, 하인",ボク,しもべ・やつがれ
1881,墨,3,土,묵,먹,ボク・モク,すみ
1882,撲,2.5,手,박,"치다, 때리다",ボク・ホク,う(つ)・なぐ(る)・は(る)
1883,没,3,水,몰,빠지다,ボツ・モツ,しず(む)・おぼ(れる)・し(ぬ)・な(い)
1884,勃,2,力,발,일어나다,ボツ・ホツ,お(こる)・にわ(かに)
1885,堀,2.5,土,굴,수로,クツ・コツ,ほり・あな
1886,本,10,木,본,"책, 근본",ホン,もと
1887,奔,2.5,大,분,달리다,ホン,はし(る)
1888,翻,3,羽,번,"번역, 뒤집다",ホン・ハン,ひるがえ(る)・ひるがえ(す)
1889,凡,4,几,범,무릇,ボン・ハン,すべ(て)・なみ・およ(そ)
1890,盆,4,皿,분,쟁반,ボン・ホン,はち
1891,麻,2.5,麻,마,"삼베, 마비",マ・バ,あさ・しび(れる)
1892,摩,2.5,手,마,문지르다,マ,す(る)・さす(る)・こす(る)
1893,磨,2.5,石,마,"갈다, 닦다, 연마하다",マ・バ,みが(く)・と(ぐ)・す(る)
1894,魔,3,鬼,마,마귀,マ・バ,無し
1895,毎,9,毋,매,매번,マイ・バイ,ごと・つね・むさぼ(る)
1896,妹,9,女,매,여동생,マイ・バイ,いもうと・いも
1897,枚,5,木,매,"낱, 장",マイ・バイ,ひら
1898,昧,2,日,매,애매하다,マイ・バイ,くら(い)
1899,埋,3,土,매,묻다,マイ,う(める)・う(まる)・う(もれる)・うず(もれる)・うず(まる)・い(ける)
1900,幕,5,巾,막,장막,マク・バク,無し
1901,膜,3,肉,막,막,マク・バク,無し
1902,枕,2,木,침,베개,チン・シン,まくら
1903,又,3,又,우,또,ユウ,また・ふたた(び)
1904,末,7,木,말,끝,マツ・バツ,すえ・うら
1905,抹,2.5,手,말,지우다,マツ・バツ,す(る)・け(す)・こな
1906,万,9,一,만,10000,マン・バン,よろず
1907,満,7,水,만,"차다, 채우다",マン・バン,み(ちる)・み(たす)
1908,慢,4,心,만,거만하다,マン・バン,おこた(る)・おご(る)・あなど(る)
1909,漫,4,水,만,"흩어지다, 어쩐지",マン・バン,みだ(りに)・そぞ(ろに)
1910,未,7,木,미,아님,ミ・ビ,いま(だ)・いま(だ…ず)・ま(だ)・ひつじ
1911,味,8,口,미,맛,ミ・ビ,あじ・あじ(わう)
1912,魅,3,鬼,매,매혹하다,ミ・ビ,もののけ・すだま
1913,岬,2.5,山,갑,곶,コウ,みさき
1914,密,5,宀,밀,"빽빽함, 남 몰래",ミツ・ビツ,ひそ(かに)・こま(かい)
1915,蜜,2,虫,밀,꿀,ミツ,無し
1916,脈,6,肉,맥,줄기,ミャク・バク,すじ
1917,妙,4,女,묘,매우 뛰어난,ミョウ・ビョウ,たえ・わか(い)
1918,民,7,氏,민,백성,ミン,たみ
1919,眠,4,目,면,"자다, 졸리다",ミン・ベン,ねむ(る)・ねむ(い)
1920,矛,4,矛,모,창,ム・ボウ,ほこ
1921,務,6,力,무,"맡다, 수행해 내다",ム・ブ,つと(める)・つと(まる)・あなど(る)・あなど(り)
1922,無,7,火,무,"없다, 잃다",ム・ブ,な(い)
1923,夢,6,夕,몽,꿈,ム・ボウ,ゆめ
1924,霧,4,雨,무,안개,ム・ブ,きり
1925,娘,4,女,낭,딸,ジョウ・ニョウ,むすめ・こ
1926,名,10,口,명,이름,メイ・ミョウ,な
1927,命,8,口,명,목숨,メイ・ミョウ,いのち・おお(せ)・みこと
1928,明,9,日,명,"불빛, 밝다, 분명함",メイ・ミョウ・ミン,あ(かり)・あか(るい)・あか(るむ)・あか(らむ)・あき(らか)・あ(ける)・あ(く)・あ(くる)・あ(かす)
1929,迷,6,辵,미,헤매다,メイ,まよ(う)・まど(う)
1930,冥,2,冖,명,어둡다,メイ・ミョウ,くら(い)
1931,盟,5,皿,맹,맹세,メイ,ちか(う)
1932,銘,2.5,金,명,새기다,メイ・ミョウ,しる(す)
1933,鳴,9,鳥,명,"울다, 울리다",メイ・ミョウ,な(く)・な(る)・な(らす)
1934,滅,3,水,멸,"망하다, 없애다",メツ・ベツ,ほろ(びる)・ほろ(ぼす)
1935,免,3,儿,면,면하다,メン・ベン・ブン,まぬか(れる)・ゆる(す)・や(める)・う(む)
1936,面,8,面,면,"얼굴, 가면",メン・ベン,おも・おもて・つら・も
1937,綿,6,糸,면,"솜, 목화",メン・ベン,わた・つら(なる)
1938,麺,2,麦,면,면,メン・ベン,むぎこ
1939,茂,4,艸,무,우거지다,モ・ボウ,しげ(る)・すぐ(れる)
1940,模,5,木,모,본뜨다,モ・ボ,かた・のっと(る)
1941,毛,9,毛,모,털,モウ・ボウ,け
1942,妄,2.5,女,망,허망하다,モウ・ボウ,みだ(りに)
1943,盲,2.5,目,맹,눈이 멀다,モウ・ボウ,くら(い)
1944,耗,2.5,耒,모,소모,モウ・コウ,へ(る)・たよ(り)
1945,猛,4,犬,맹,사납다,モウ,たけ(し)
1946,網,4,糸,망,그물,モウ・ボウ,あみ
1947,目,10,目,목,눈,モク・ボク,め・ま・まなこ・かなめ
1948,黙,4,黒,묵,말하지 않다,モク・ボク,だま(る)・だんま(り)・もだ(す)
1949,門,9,門,문,문,モン・ボン,かど・と・いえ・みうち
1950,紋,4,糸,문,무늬,モン・ブン,あや
1951,問,8,口,문,묻다,モン・ブン,と(う)・と(い)・とん・たず(ねる)・たよ(り)
1952,冶,2,冫,야,제련,ヤ,と(ける)・い(る)・なまめ(かしい)
1953,夜,9,夕,야,밤,ヤ,よ・よる
1954,野,9,里,야,들판,ヤ・ショ,の・いや(しい)・いなかや
1955,弥,2,弓,미,점점,ビ・ミ,や・あまね(し)・ひさ(しい)・わた(る)・つくろ(う)・いよいよ・いや
1956,厄,2.5,厂,액,재난,ヤク,わざわ(い)・くる(しむ)
1957,役,8,彳,역,역할,ヤク・エキ,つと(め)・いくさ
1958,約,7,糸,약,약속,ヤク,ちか(う)・つづ(める)・つづま(やか)・つま(しい)
1959,訳,5,言,역,"이유, 번역",ヤク・エキ,わけ・と(く)
1960,薬,8,艸,약,약,ヤク,くすり
1961,躍,4,足,약,뛰어 오르다,ヤク・テキ,おど(る)
1962,闇,2,門,암,어둠,アン,やみ・くら(い)
1963,由,8,田,유,"까닭, 사정",ユ・ユウ・ユイ,よし・よ(る)・なお…(ごとし)
1964,油,8,水,유,기름,ユ・ユウ,あぶら
1965,喩,2,口,유,깨우치다,ユ,たと(える)・さと(す)・よろこ(ぶ)
1966,愉,2.5,心,유,즐겁다,ユ,たの(しい)・たの(しむ)
1967,諭,2.5,言,유,타이르다,ユ,さと(す)
1968,輸,6,車,수,보내다,ユ・シュ,おく(る)・うつ(す)・いた(す)・ま(ける)
1969,癒,2.5,疒,유,병 낫다,ユ,い(える)・い(やす)
1970,唯,2.5,口,유,오직,ユイ・イ,ただ
1971,友,9,又,우,친구,ユウ,とも
1972,有,8,月,유,있다,ユウ・ウ,あ(る)・も(つ)
1973,勇,7,力,용,"날래다, 기운이 솟다, 용감하다, 활발하다",ユウ・ヨウ,いさ(む)・つよ(い)
1974,幽,3,幺,유,그윽하다,ユウ,かす(か)・くら(い)
1975,悠,2.5,心,유,침착하다,ユウ,はる(か)・とお(い)
1976,郵,5,邑,우,우편,ユウ,しゅくば
1977,湧,2,水,용,"솟다, 끓게 하다",ユウ・ヨウ,わ(く)
1978,猶,2.5,犬,유,오히려,ユウ,なお・なお…(ごとし)
1979,裕,2.5,衣,유,넉넉하다,ユウ,ゆた(か)・ひろ(い)
1980,遊,8,辵,유,놀다,ユウ・ユ,あそ(ぶ)・すさ(び)・すさ(ぶ)
1981,雄,4,隹,웅,수컷,ユウ,お・おす・おん・まさ(る)
1982,誘,3,言,유,"권하다, 유인하다",ユウ,さそ(う)・いざな(う)・おび(く)
1983,憂,3,心,우,"걱정, 상심하다, 괴롭다",ユウ,うれ(える)・うれ(い)・う(い)
1984,融,2.5,虫,융,녹다,ユウ,と(ける)・とお(る)
1985,優,5,人,우,"상냥하다, 뛰어나다",ユウ・ウ,やさ(しい)・すぐ(れる)・ゆた(か)・まさ(る)・わざおぎ・やわ(らぐ)
1986,与,4,一,여,주다,ヨ,あた(える)・くみ(する)・あずか(る)
1987,予,8,亅,예,미리,ヨ,あらかじ(め)・かね(て)
1988,余,6,人,여,남다,ヨ,あま(る)・あま(す)・ほか
1989,誉,4,言,예,명예,ヨ,ほま(れ)・ほ(める)
1990,預,5,頁,예,"맡기다, 떠맡다",ヨ,あず(ける)・あず(かる)・あらかじ(め)
1991,幼,5,幺,유,어리다,ヨウ・ユウ,おさな(い)・いとけな(い)
1992,用,9,用,용,사용하다,ヨウ,もち(いる)・はたら(き)・もっ(て)
1993,羊,8,羊,양,양,ヨウ,ひつじ
1994,妖,2,女,요,"요괴, 불가사의",ヨウ,あや(しい)・なまめ(かしい)・わざわ(い)
1995,洋,8,水,양,"큰 바다, 서양",ヨウ,うみ・なだ・ひろ(い)
1996,要,7,襾,요,"필요하다, 가장 중요한 점",ヨウ,かなめ・い(る)・もと(める)
1997,容,6,宀,용,얼굴,ヨウ,かたち・い(れる)・ゆる(す)
1998,庸,2.5,广,용,뽑다,ヨウ,もち(いる)・つね・おろ(か)・なん(ぞ)
1999,揚,3,手,양,튀기다,ヨウ,あ(げる)・あ(がる)
2000,揺,3,手,요,흔들다,ヨウ,ゆ(れる)・ゆ(る)・ゆ(らぐ)・ゆ(るぐ)・ゆ(する)・ゆ(さぶる)・ゆ(すぶる)
2001,葉,8,艸,엽,잎,ヨウ・ショウ,は・かみ・すえ
2002,陽,8,阜,양,"볕, 해",ヨウ,ひ・ひなた・いつわ(る)
2003,溶,4,水,용,"녹다, 풀다",ヨウ,と(ける)・と(かす)・と(く)
2004,腰,4,肉,요,허리,ヨウ,こし
2005,様,8,木,양,"모양, 님",ヨウ,さま
2006,瘍,2,疒,양,헐다,ヨウ,かさ・できもの
2007,踊,4,足,용,춤추다,ヨウ,おど(る)・おど(り)
2008,窯,2.5,穴,요,가마,ヨウ,かま
2009,養,7,食,양,기르다,ヨウ,やしな(う)
2010,擁,3,手,옹,끼다,ヨウ,いだ(く)・だ(く)・まも(る)
2011,謡,4,言,요,"가사, 노래하다",ヨウ,うたい・うた(う)
2012,曜,9,日,요,요일,ヨウ,かがや(く)
2013,抑,3,手,억,"누르다, 억제하다",ヨク,おさ(える)・ふさ(ぐ)・そもそも
2014,沃,2,水,옥,물 대다,ヨク・オク,そそ(ぐ)・こ(える)
2015,浴,7,水,욕,"목욕, 뒤집어쓰다, 퍼부어지다, 끼얹다",ヨク,あ(びる)・あ(びせる)・ゆあみ
2016,欲,5,欠,욕,원하다,ヨク,ほっ(する)・ほ(しい)
2017,翌,5,羽,익,다음,ヨク,無し
2018,翼,4,羽,익,"날개, 쪽",ヨク,つばさ・たす(ける)
2019,拉,2,手,랍,압도하다,ラ・ラツ・ロウ,くじ(く)・ひし(ぐ)・ひしゃ(げる)・ひ(く)
2020,裸,3,衣,라,"알몸, 벗다",ラ,はだか
2021,羅,2.5,网,라,벌이다,ラ,あみ・つら(なる)・うすぎぬ
2022,来,9,木,래,"오다, 초래하다",ライ,く(る)・きた(る)・きた(す)・こ(し)・き(し)
2023,雷,4,雨,뢰,"천둥, 우레",ライ,かみなり・いかずち
2024,頼,4,頁,뢰,"부탁하다, 의지하다",ライ,たの(む)・たの(もしい)・たよ(る)
2025,絡,4,糸,락,"잇다, 얽히다",ラク,から(む)・から(まる)・から(める)・まと(う)・から(げる)・つな(ぐ)
2026,落,8,艸,락,"떨어지다, 빠지다",ラク,お(ちる)・お(とす)・さと
2027,酪,2.5,酉,락,쇠젖,ラク,ちちしる
2028,辣,2,辛,랄,맵다,ラツ,から(い)・きび(しい)・むご(い)
2029,乱,5,乙,란,어지러지다,ラン・ロン,みだ(れる)・みだ(す)・みだ(りに)
2030,卵,5,卩,란,"계란, 알",ラン,たまご
2031,覧,5,見,람,보다,ラン,み(る)
2032,濫,3,水,람,넘치다,ラン,みだ(れる)・みだ(りに)・う(かべる)
2033,藍,2,艸,람,쪽,ラン,あい
2034,欄,4,木,란,난간,ラン,わく・てすり・おばしま・おり
2035,吏,3,口,리,벼슬,リ,つかさ
2036,利,7,刀,리,"이로움, 발휘하다, 가능하다",リ,き(く)・するど(い)・と(し)・よ(い)
2037,里,9,里,리,마을,リ,さと
2038,理,9,玉,리,다스리다,リ,ことわり・すじ・おさ(める)
2039,痢,2.5,疒,리,병,リ,無し
2040,裏,5,衣,리,"속, 뒤",リ,うら・うち
2041,履,2.5,尸,리,"행하다, 신다",リ,は(く)・くつ・ふ(む)
2042,璃,2,玉,리,유리,リ,無し
2043,離,4,隹,리,"떨어지다, 떼다, 거리두다",リ,はな(れる)・はな(す)・か(る)・つ(く)・なら(ぶ)・かか(る)
2044,陸,7,阜,륙,"땅, 6",リク・ロク,おか・くが
2045,立,10,立,립,"일어서다, 세우다, 리터",リツ・リュウ,た(つ)・た(てる)・リットル
2046,律,5,彳,률,법칙,リツ・リチ,のり・のっと(る)
2047,慄,2,心,률,두려워하다,リツ,おそ(れる)・おのの(く)
2048,略,6,田,략,줄이다,リャク,はか(る)・はかりごと・おか(す)・はぶ(く)・ほぼ・おさ(める)
2049,柳,2.5,木,류,버드나무,リュウ,やなぎ
2050,流,8,水,류,흐르다,リュウ・ル,なが(れる)・なが(す)
2051,留,6,田,류,"머물다, 고정하다",リュウ・ル,と(める)・と(まる)・とど(まる)
2052,竜,2.5,竜,룡,용,リュウ・リョウ・リン,たつ
2053,粒,4,米,립,낱알,リュウ,つぶ
2054,隆,3,阜,륭,높다,リュウ,たか(い)・さか(ん)
2055,硫,2.5,石,류,유황,リュウ・ル,無し
2056,侶,2,人,려,짝,リョ・ロ,とも
2057,旅,8,方,려,여행,リョ・ロ,たび・いくさ
2058,虜,2.5,虍,로,사로잡다,リョ・ロ,とりこ・しもべ・えびす
2059,慮,4,心,려,생각하다,リョ,おもんぱか(る)
2060,了,3,亅,료,마치다,リョウ,お(わる)・しま(う)・さと(る)
2061,両,8,一,량,둘,リョウ,ふた(つ)
2062,良,7,艮,량,좋다,リョウ,よ(い)・やや
2063,料,7,斗,료,"요금, 재료",リョウ,はか(る)
2064,涼,2.5,水,량,선선하다,リョウ,すず(しい)・すず(む)・うす(い)
2065,猟,3,犬,렵,사냥,リョウ,か(る)・か(り)
2066,陵,3,阜,릉,언덕,リョウ,みささぎ・おか・しの(ぐ)
2067,量,7,里,량,"양, 재다",リョウ,はか(る)・かさ・ちから
2068,僚,2.5,人,료,동료,リョウ,とも・つかさ
2069,領,6,頁,령,거느리다,リョウ,おさ(める)・う(ける)・かなめ・かしら・うなじ・えり
2070,寮,2.5,宀,료,기숙사,リョウ,つかさ
2071,療,4,疒,료,치료,リョウ,い(やす)
2072,瞭,2,目,료,밝다,リョウ,あき(らか)
2073,糧,3,米,량,식량,リョウ・ロウ,かて
2074,力,10,力,력,힘,リョク・リキ,ちから・つと(める)
2075,緑,8,糸,록,초록,リョク・ロク,みどり
2076,林,10,木,림,숲,リン,はやし・おお(い)
2077,厘,3,厂,리,리,リン,無し
2078,倫,2.5,人,륜,윤리,リン,みち・たぐい・つい(で)
2079,輪,7,車,륜,바퀴,リン,わ
2080,隣,4,阜,린,"이웃, 옆",リン,とな(る)・となり
2081,臨,5,臣,림,임하다,リン,のぞ(む)
2082,瑠,2,玉,류,유리,ル,無し
2083,涙,4,水,루,눈물,ルイ,なみだ
2084,累,2.5,糸,루,여러,ルイ,しば(る)・かさ(ねる)・かさ(なる)・しき(りに)・わずら(わす)
2085,塁,2.5,土,루,보루,ルイ,とりで・かさ(ねる)
2086,類,7,頁,류,부류,ルイ,たぐ(い)・たぐい・たぐ(える)・に(る)
2087,令,7,人,령,명령,レイ・リョウ,いいつけ・おさ・よ(い)
2088,礼,8,示,례,예절,レイ・ライ,のり・うやま(う)
2089,冷,7,冫,랭,"차갑다, 식다",レイ,つめ(たい)・ひ(える)・ひ(や)・ひ(やす)・ひ(やかす)・さ(める)・さ(ます)
2090,励,3,力,려,"힘쓰다, 격려하다",レイ,はげ(む)・はげ(ます)
2091,戻,2.5,戸,려,"되돌리다, 돌려주다",レイ,もど(す)・もど(る)・もと(る)・いた(る)
2092,例,7,人,례,"예, 예를 들다",レイ,たと(える)・たぐい・ためし
2093,鈴,2.5,金,령,방울,レイ・リン,すず
2094,零,3,雨,령,"0, 떨어지다",レイ,お(ちる)・ふ(る)・こぼ(れる)・あま(り)・ゼロ
2095,霊,3,雨,령,혼,レイ・リョウ,たま・たましい・よ(い)
2096,隷,4,隶,례,종,レイ,したが(う)・しもべ
2097,齢,4,歯,령,나이,レイ,よわい・とし
2098,麗,4,鹿,려,곱다,レイ・リ,うるわ(しい)・うら(ら)・うら(らか)・なら(ぶ)・つら(なる)
2099,暦,4,日,력,달력,レキ・リャク,こよみ
2100,歴,6,止,력,역사,レキ・リャク,へ(る)
2101,列,8,刀,렬,행렬,レツ,つら(ねる)・つら(なる)・なら(べる)
2102,劣,4,力,렬,뒤떨어지다,レツ,おと(る)・いや(しい)
2103,烈,4,火,렬,뜨겁다,レツ,はげ(しい)
2104,裂,3,衣,렬,찟다,レツ,さ(く)・さ(ける)・きれ
2105,恋,4,心,련,"사랑, 그리워하다",レン,こ(う)・こい・こい(しい)
2106,連,7,辵,련,"연속, 줄 지어있다, 데리고 가다",レン,つら(なる)・つら(ねる)・つ(れる)・しき(りに)
2107,廉,3,广,렴,청렴,レン,いさぎよ(い)・やす(い)・かど
2108,練,8,糸,련,"익히다, 다듬다",レン,ね(る)・ねりぎぬ
2109,錬,3,金,련,단련하다,レン,ね(る)
2110,呂,2,口,려,음률,ロ・リョ,無し
2111,炉,3,火,로,화로,ロ,いろり・ひばち
2112,賂,2,貝,뢰,뇌물,ロ,まいな(う)・まいな(い)
2113,路,8,足,로,길,ロ,じ・みち・くるま
2114,露,4,雨,로,"이슬, 드러내다",ロ・ロウ,つゆ・あらわ(れる)・あらわ
2115,老,7,耂,로,늙다,ロウ,お(いる)・ふ(ける)
2116,労,7,力,로,"일, 위로하다, 치하하다",ロウ,はたら(く)・つか(れる)・いたわ(る)・ねぎら(う)
2117,弄,2,廾,롱,"가지고 놀다, 희롱하다",ロウ,もてあそ(ぶ)・いじ(る)・いじく(る)・いら(う)・あなど(る)・たわむ(れる)
2118,郎,4,邑,랑,사내,ロウ,おとこ
2119,朗,5,月,랑,밝다,ロウ,ほが(らか)・あき(らか)・たか(らか)
2120,浪,3,水,랑,파도,ロウ・ラン,なみ・みだ(りに)
2121,廊,3,广,랑,복도,ロウ,わたどの
2122,楼,3,木,루,다락,ロウ,たかどの・やぐら
2123,漏,3,水,루,새다,ロウ,も(る)・も(れる)・も(らす)
2124,籠,2,竹,롱,"바구니, 틀어 박히다",ロウ・ル,かご・こ(もる)
2125,六,10,八,"륙, 육","6, 여섯",ロク・リク,む・む(つ)・むっ(つ)・むい
2126,録,7,金,록,기록,ロク・リョク,しる(す)
2127,麓,2,木,록,산기슭,ロク,ふもと
2128,論,5,言,론,논하다,ロン,あげつら(う)・と(く)
2129,和,8,口,화,"평화, 누그러지다, 진정시키다",ワ・オ・カ,やわ(らぐ)・やわ(らげる)・なご(む)・なご(やか)・な(ぐ)・あ(える)
2130,話,9,言,화,이야기,ワ,はな(す)・はなし
2131,賄,2.5,貝,회,"뇌물, 조달하다",ワイ・カイ,まかな(う)・まいな(う)
2132,脇,2,肉,협,겨드랑이,キョウ,わき・かたわ(ら)
2133,惑,4,心,혹,"미혹하다, 망설이다",ワク,まど(う)
2134,枠,2.5,木,화,"틀, 테두리",無し,わく
2135,湾,3,水,만,물굽이,ワン,いりえ
2136,腕,4,肉,완,팔,ワン,うで・かいな
